Orthogroup	a99_genome_proteins	c_sorokiniana_genome_proteins	c_variabilis_genome_proteins	c_vulgaris_genome_proteins	m_conductrix_genome_proteins
OG0009270	scaffold16.g30.t1				
OG0009271	scaffold16.g36.t1				
OG0009272	scaffold16.g44.t1				
OG0009273	scaffold16.g54.t1				
OG0009274	scaffold16.g69.t1				
OG0009275	scaffold16.g76.t1				
OG0009276	scaffold16.g77.t1				
OG0009277	scaffold16.g81.t1				
OG0009278	scaffold16.g82.t1				
OG0009279	scaffold16.g98.t1				
OG0009280	scaffold16.g116.t1				
OG0009281	scaffold16.g138.t1				
OG0009282	scaffold16.g142.t1				
OG0009283	scaffold16.g149.t1				
OG0009284	scaffold13.g176.t1				
OG0009285	scaffold13.g193.t1				
OG0009286	scaffold13.g288.t1				
OG0009287	scaffold13.g293.t1				
OG0009288	scaffold13.g349.t1				
OG0009289	scaffold13.g354.t1				
OG0009290	scaffold13.g379.t1				
OG0009291	scaffold13.g380.t1				
OG0009292	scaffold13.g392.t1				
OG0009293	scaffold13.g412.t1				
OG0009294	scaffold17.g431.t1				
OG0009295	scaffold17.g439.t1				
OG0009296	scaffold17.g446.t1				
OG0009297	scaffold17.g472.t1				
OG0009298	scaffold17.g483.t1				
OG0009299	scaffold17.g516.t1				
OG0009300	scaffold17.g533.t1				
OG0009301	scaffold17.g539.t1				
OG0009302	scaffold17.g563.t1				
OG0009303	scaffold17.g569.t1				
OG0009304	scaffold17.g590.t1				
OG0009305	scaffold17.g592.t1				
OG0009306	scaffold5.g613.t1				
OG0009307	scaffold5.g614.t1				
OG0009308	scaffold5.g619.t1				
OG0009309	scaffold5.g621.t1				
OG0009310	scaffold5.g627.t1				
OG0009311	scaffold5.g628.t1				
OG0009312	scaffold5.g637.t1				
OG0009313	scaffold5.g638.t1				
OG0009314	scaffold5.g657.t1				
OG0009315	scaffold5.g662.t1				
OG0009316	scaffold5.g664.t1				
OG0009317	scaffold5.g671.t1				
OG0009318	scaffold5.g697.t1				
OG0009319	scaffold5.g704.t1				
OG0009320	scaffold5.g782.t1				
OG0009321	scaffold5.g797.t1				
OG0009322	scaffold5.g818.t1				
OG0009323	scaffold5.g820.t1				
OG0009324	scaffold5.g823.t1				
OG0009325	scaffold5.g836.t1				
OG0009326	scaffold5.g838.t1				
OG0009327	scaffold5.g843.t1				
OG0009328	scaffold5.g859.t1				
OG0009329	scaffold5.g862.t1				
OG0009330	scaffold5.g886.t1				
OG0009331	scaffold5.g913.t1				
OG0009332	scaffold5.g914.t1				
OG0009333	scaffold5.g927.t1				
OG0009334	scaffold5.g977.t1				
OG0009335	scaffold5.g998.t1				
OG0009336	scaffold14.g1022.t1				
OG0009337	scaffold14.g1056.t1				
OG0009338	scaffold14.g1063.t1				
OG0009339	scaffold14.g1071.t1				
OG0009340	scaffold14.g1079.t1				
OG0009341	scaffold14.g1152.t1				
OG0009342	scaffold14.g1167.t1				
OG0009343	scaffold14.g1175.t1				
OG0009344	scaffold14.g1180.t1				
OG0009345	scaffold14.g1182.t1				
OG0009346	scaffold14.g1183.t1				
OG0009347	scaffold14.g1248.t1				
OG0009348	scaffold14.g1249.t1				
OG0009349	scaffold14.g1271.t1				
OG0009350	scaffold14.g1302.t1				
OG0009351	scaffold14.g1317.t1				
OG0009352	scaffold14.g1332.t1				
OG0009353	scaffold14.g1334.t1				
OG0009354	scaffold14.g1337.t1				
OG0009355	scaffold8.g1377.t1				
OG0009356	scaffold8.g1380.t1				
OG0009357	scaffold8.g1398.t1				
OG0009358	scaffold8.g1414.t1				
OG0009359	scaffold8.g1416.t1				
OG0009360	scaffold8.g1417.t1				
OG0009361	scaffold8.g1511.t1				
OG0009362	scaffold8.g1518.t1				
OG0009363	scaffold8.g1563.t1				
OG0009364	scaffold8.g1566.t1				
OG0009365	scaffold8.g1569.t1				
OG0009366	scaffold8.g1574.t1				
OG0009367	scaffold8.g1584.t1				
OG0009368	scaffold8.g1617.t1				
OG0009369	scaffold8.g1632.t1				
OG0009370	scaffold8.g1639.t1				
OG0009371	scaffold8.g1649.t1				
OG0009372	scaffold8.g1660.t1				
OG0009373	scaffold8.g1667.t1				
OG0009374	scaffold8.g1681.t1				
OG0009375	scaffold8.g1686.t1				
OG0009376	scaffold8.g1690.t1				
OG0009377	scaffold8.g1693.t1				
OG0009378	scaffold8.g1695.t1				
OG0009379	scaffold8.g1700.t1				
OG0009380	scaffold8.g1702.t1				
OG0009381	scaffold8.g1703.t1				
OG0009382	scaffold8.g1716.t1				
OG0009383	scaffold8.g1725.t1				
OG0009384	scaffold8.g1726.t1				
OG0009385	scaffold8.g1732.t1				
OG0009386	scaffold8.g1733.t1				
OG0009387	scaffold8.g1734.t1				
OG0009388	scaffold8.g1736.t1				
OG0009389	scaffold19.g1744.t1				
OG0009390	scaffold19.g1756.t1				
OG0009391	scaffold19.g1764.t1				
OG0009392	scaffold19.g1772.t1				
OG0009393	scaffold19.g1813.t1				
OG0009394	scaffold19.g1859.t1				
OG0009395	scaffold19.g1866.t1				
OG0009396	scaffold19.g1870.t1				
OG0009397	scaffold19.g1873.t1				
OG0009398	scaffold19.g1877.t1				
OG0009399	scaffold18.g1884.t1				
OG0009400	scaffold18.g1885.t1				
OG0009401	scaffold18.g1907.t1				
OG0009402	scaffold18.g1915.t1				
OG0009403	scaffold18.g2004.t1				
OG0009404	scaffold18.g2017.t1				
OG0009405	scaffold18.g2032.t1				
OG0009406	scaffold18.g2047.t1				
OG0009407	scaffold18.g2048.t1				
OG0009408	scaffold18.g2064.t1				
OG0009409	scaffold21.g2076.t1				
OG0009410	scaffold21.g2166.t1				
OG0009411	scaffold21.g2177.t1				
OG0009412	scaffold21.g2190.t1				
OG0009413	scaffold21.g2198.t1				
OG0009414	scaffold21.g2224.t1				
OG0009415	scaffold21.g2229.t1				
OG0009416	scaffold10.g2273.t1				
OG0009417	scaffold10.g2288.t1				
OG0009418	scaffold10.g2367.t1				
OG0009419	scaffold10.g2388.t1				
OG0009420	scaffold10.g2400.t1				
OG0009421	scaffold10.g2422.t1				
OG0009422	scaffold10.g2435.t1				
OG0009423	scaffold10.g2436.t1				
OG0009424	scaffold10.g2451.t1				
OG0009425	scaffold10.g2452.t1				
OG0009426	scaffold10.g2470.t1				
OG0009427	scaffold10.g2484.t1				
OG0009428	scaffold10.g2489.t1				
OG0009429	scaffold6.g2567.t1				
OG0009430	scaffold6.g2609.t1				
OG0009431	scaffold6.g2619.t1				
OG0009432	scaffold6.g2626.t1				
OG0009433	scaffold6.g2639.t1				
OG0009434	scaffold6.g2679.t1				
OG0009435	scaffold6.g2686.t1				
OG0009436	scaffold6.g2706.t1				
OG0009437	scaffold6.g2753.t1				
OG0009438	scaffold6.g2784.t1				
OG0009439	scaffold6.g2818.t1				
OG0009440	scaffold6.g2829.t1				
OG0009441	scaffold6.g2873.t1				
OG0009442	scaffold6.g2892.t1				
OG0009443	scaffold6.g2893.t1				
OG0009444	scaffold6.g2913.t1				
OG0009445	scaffold6.g2919.t1				
OG0009446	scaffold24.g2920.t1				
OG0009447	scaffold24.g2937.t1				
OG0009448	scaffold24.g2962.t1				
OG0009449	scaffold24.g2963.t1				
OG0009450	scaffold24.g2966.t1				
OG0009451	scaffold24.g2990.t1				
OG0009452	scaffold9.g3011.t1				
OG0009453	scaffold9.g3012.t1				
OG0009454	scaffold9.g3039.t1				
OG0009455	scaffold9.g3040.t1				
OG0009456	scaffold9.g3069.t1				
OG0009457	scaffold9.g3077.t1				
OG0009458	scaffold9.g3078.t1				
OG0009459	scaffold9.g3084.t1				
OG0009460	scaffold9.g3106.t1				
OG0009461	scaffold9.g3114.t1				
OG0009462	scaffold9.g3115.t1				
OG0009463	scaffold9.g3121.t1				
OG0009464	scaffold9.g3130.t1				
OG0009465	scaffold9.g3162.t1				
OG0009466	scaffold9.g3195.t1				
OG0009467	scaffold9.g3197.t1				
OG0009468	scaffold9.g3215.t1				
OG0009469	scaffold9.g3231.t1				
OG0009470	scaffold9.g3257.t1				
OG0009471	scaffold9.g3295.t1				
OG0009472	scaffold9.g3300.t1				
OG0009473	scaffold9.g3312.t1				
OG0009474	scaffold26.g3353.t1				
OG0009475	scaffold26.g3359.t1				
OG0009476	scaffold26.g3366.t1				
OG0009477	scaffold7.g3378.t1				
OG0009478	scaffold7.g3382.t1				
OG0009479	scaffold7.g3386.t1				
OG0009480	scaffold7.g3426.t1				
OG0009481	scaffold7.g3430.t1				
OG0009482	scaffold7.g3438.t1				
OG0009483	scaffold7.g3445.t1				
OG0009484	scaffold7.g3461.t1				
OG0009485	scaffold7.g3495.t1				
OG0009486	scaffold7.g3500.t1				
OG0009487	scaffold7.g3501.t1				
OG0009488	scaffold7.g3502.t1				
OG0009489	scaffold7.g3519.t1				
OG0009490	scaffold7.g3520.t1				
OG0009491	scaffold7.g3544.t1				
OG0009492	scaffold7.g3589.t1				
OG0009493	scaffold7.g3609.t1				
OG0009494	scaffold7.g3622.t1				
OG0009495	scaffold7.g3673.t1				
OG0009496	scaffold7.g3692.t1				
OG0009497	scaffold7.g3717.t1				
OG0009498	scaffold7.g3718.t1				
OG0009499	scaffold7.g3756.t1				
OG0009500	scaffold31.g3763.t1				
OG0009501	scaffold31.g3764.t1				
OG0009502	scaffold31.g3766.t1				
OG0009503	scaffold31.g3767.t1				
OG0009504	scaffold31.g3768.t1				
OG0009505	scaffold31.g3769.t1				
OG0009506	scaffold31.g3770.t1				
OG0009507	scaffold31.g3771.t1				
OG0009508	scaffold31.g3772.t1				
OG0009509	scaffold31.g3773.t1				
OG0009510	scaffold31.g3775.t1				
OG0009511	scaffold31.g3776.t1				
OG0009512	scaffold31.g3777.t1				
OG0009513	scaffold31.g3778.t1				
OG0009514	scaffold31.g3779.t1				
OG0009515	scaffold31.g3780.t1				
OG0009516	scaffold31.g3781.t1				
OG0009517	scaffold31.g3782.t1				
OG0009518	scaffold31.g3783.t1				
OG0009519	scaffold31.g3784.t1				
OG0009520	scaffold31.g3785.t1				
OG0009521	scaffold31.g3786.t1				
OG0009522	scaffold31.g3787.t1				
OG0009523	scaffold31.g3788.t1				
OG0009524	scaffold31.g3789.t1				
OG0009525	scaffold31.g3790.t1				
OG0009526	scaffold31.g3791.t1				
OG0009527	scaffold31.g3792.t1				
OG0009528	scaffold31.g3793.t1				
OG0009529	scaffold31.g3794.t1				
OG0009530	scaffold31.g3795.t1				
OG0009531	scaffold31.g3796.t1				
OG0009532	scaffold31.g3797.t1				
OG0009533	scaffold31.g3798.t1				
OG0009534	scaffold31.g3802.t1				
OG0009535	scaffold32.g3803.t1				
OG0009536	scaffold32.g3804.t1				
OG0009537	scaffold32.g3806.t1				
OG0009538	scaffold32.g3808.t1				
OG0009539	scaffold32.g3809.t1				
OG0009540	scaffold32.g3810.t1				
OG0009541	scaffold32.g3811.t1				
OG0009542	scaffold32.g3813.t1				
OG0009543	scaffold32.g3815.t1				
OG0009544	scaffold32.g3816.t1				
OG0009545	scaffold32.g3817.t1				
OG0009546	scaffold32.g3818.t1				
OG0009547	scaffold32.g3819.t1				
OG0009548	scaffold32.g3820.t1				
OG0009549	scaffold32.g3821.t1				
OG0009550	scaffold32.g3822.t1				
OG0009551	scaffold32.g3823.t1				
OG0009552	scaffold32.g3824.t1				
OG0009553	scaffold32.g3825.t1				
OG0009554	scaffold32.g3826.t1				
OG0009555	scaffold32.g3828.t1				
OG0009556	scaffold32.g3829.t1				
OG0009557	scaffold11.g3845.t1				
OG0009558	scaffold11.g3848.t1				
OG0009559	scaffold11.g3852.t1				
OG0009560	scaffold11.g3858.t1				
OG0009561	scaffold11.g3862.t1				
OG0009562	scaffold11.g3867.t1				
OG0009563	scaffold11.g3882.t1				
OG0009564	scaffold11.g3884.t1				
OG0009565	scaffold11.g3899.t1				
OG0009566	scaffold11.g3903.t1				
OG0009567	scaffold11.g3943.t1				
OG0009568	scaffold11.g3951.t1				
OG0009569	scaffold11.g3966.t1				
OG0009570	scaffold11.g3970.t1				
OG0009571	scaffold11.g3987.t1				
OG0009572	scaffold11.g3998.t1				
OG0009573	scaffold11.g4000.t1				
OG0009574	scaffold11.g4007.t1				
OG0009575	scaffold11.g4008.t1				
OG0009576	scaffold11.g4013.t1				
OG0009577	scaffold11.g4018.t1				
OG0009578	scaffold11.g4035.t1				
OG0009579	scaffold11.g4039.t1				
OG0009580	scaffold11.g4050.t1				
OG0009581	scaffold11.g4055.t1				
OG0009582	scaffold11.g4056.t1				
OG0009583	scaffold11.g4066.t1				
OG0009584	scaffold11.g4067.t1				
OG0009585	scaffold23.g4093.t1				
OG0009586	scaffold23.g4110.t1				
OG0009587	scaffold23.g4123.t1				
OG0009588	scaffold23.g4193.t1				
OG0009589	scaffold15.g4209.t1				
OG0009590	scaffold15.g4225.t1				
OG0009591	scaffold15.g4231.t1				
OG0009592	scaffold15.g4259.t1				
OG0009593	scaffold15.g4336.t1				
OG0009594	scaffold37.g4377.t1				
OG0009595	scaffold37.g4378.t1				
OG0009596	scaffold37.g4379.t1				
OG0009597	scaffold37.g4381.t1				
OG0009598	scaffold37.g4383.t1				
OG0009599	scaffold37.g4384.t1				
OG0009600	scaffold37.g4388.t1				
OG0009601	scaffold37.g4389.t1				
OG0009602	scaffold37.g4391.t1				
OG0009603	scaffold37.g4392.t1				
OG0009604	scaffold37.g4393.t1				
OG0009605	scaffold37.g4394.t1				
OG0009606	scaffold37.g4397.t1				
OG0009607	scaffold37.g4398.t1				
OG0009608	scaffold39.g4400.t1				
OG0009609	scaffold39.g4401.t1				
OG0009610	scaffold39.g4404.t1				
OG0009611	scaffold39.g4405.t1				
OG0009612	scaffold39.g4406.t1				
OG0009613	scaffold39.g4407.t1				
OG0009614	scaffold39.g4408.t1				
OG0009615	scaffold39.g4409.t1				
OG0009616	scaffold39.g4411.t1				
OG0009617	scaffold39.g4412.t1				
OG0009618	scaffold39.g4414.t1				
OG0009619	scaffold39.g4416.t1				
OG0009620	scaffold39.g4417.t1				
OG0009621	scaffold39.g4418.t1				
OG0009622	scaffold39.g4419.t1				
OG0009623	scaffold30.g4424.t1				
OG0009624	scaffold42.g4467.t1				
OG0009625	scaffold42.g4471.t1				
OG0009626	scaffold42.g4474.t1				
OG0009627	scaffold42.g4475.t1				
OG0009628	scaffold42.g4477.t1				
OG0009629	scaffold42.g4478.t1				
OG0009630	scaffold42.g4479.t1				
OG0009631	scaffold43.g4482.t1				
OG0009632	scaffold43.g4485.t1				
OG0009633	scaffold43.g4486.t1				
OG0009634	scaffold43.g4489.t1				
OG0009635	scaffold43.g4491.t1				
OG0009636	scaffold43.g4493.t1				
OG0009637	scaffold43.g4494.t1				
OG0009638	scaffold34.g4495.t1				
OG0009639	scaffold34.g4498.t1				
OG0009640	scaffold34.g4502.t1				
OG0009641	scaffold34.g4504.t1				
OG0009642	scaffold34.g4509.t1				
OG0009643	scaffold34.g4510.t1				
OG0009644	scaffold34.g4512.t1				
OG0009645	scaffold34.g4513.t1				
OG0009646	scaffold53.g4522.t1				
OG0009647	scaffold53.g4523.t1				
OG0009648	scaffold53.g4524.t1				
OG0009649	scaffold53.g4525.t1				
OG0009650	scaffold53.g4526.t1				
OG0009651	scaffold53.g4527.t1				
OG0009652	scaffold53.g4528.t1				
OG0009653	scaffold53.g4529.t1				
OG0009654	scaffold53.g4531.t1				
OG0009655	scaffold53.g4534.t1				
OG0009656	scaffold53.g4535.t1				
OG0009657	scaffold53.g4537.t1				
OG0009658	scaffold56.g4538.t1				
OG0009659	scaffold56.g4539.t1				
OG0009660	scaffold56.g4542.t1				
OG0009661	scaffold56.g4543.t1				
OG0009662	scaffold56.g4545.t1				
OG0009663	scaffold56.g4546.t1				
OG0009664	scaffold57.g4547.t1				
OG0009665	scaffold57.g4550.t1				
OG0009666	scaffold57.g4551.t1				
OG0009667	scaffold57.g4552.t1				
OG0009668	scaffold57.g4553.t1				
OG0009669	scaffold57.g4554.t1				
OG0009670	scaffold67.g4555.t1				
OG0009671	scaffold67.g4558.t1				
OG0009672	scaffold76.g4560.t1				
OG0009673	scaffold86.g4564.t1				
OG0009674	scaffold86.g4565.t1				
OG0009675	scaffold4.g4600.t1				
OG0009676	scaffold4.g4602.t1				
OG0009677	scaffold4.g4611.t1				
OG0009678	scaffold4.g4619.t1				
OG0009679	scaffold4.g4624.t1				
OG0009680	scaffold4.g4638.t1				
OG0009681	scaffold4.g4649.t1				
OG0009682	scaffold4.g4661.t1				
OG0009683	scaffold4.g4666.t1				
OG0009684	scaffold4.g4684.t1				
OG0009685	scaffold4.g4686.t1				
OG0009686	scaffold4.g4692.t1				
OG0009687	scaffold4.g4695.t1				
OG0009688	scaffold4.g4697.t1				
OG0009689	scaffold4.g4698.t1				
OG0009690	scaffold4.g4699.t1				
OG0009691	scaffold4.g4702.t1				
OG0009692	scaffold4.g4706.t1				
OG0009693	scaffold4.g4787.t1				
OG0009694	scaffold4.g4790.t1				
OG0009695	scaffold4.g4800.t1				
OG0009696	scaffold4.g4831.t1				
OG0009697	scaffold4.g4839.t1				
OG0009698	scaffold4.g4882.t1				
OG0009699	scaffold4.g4895.t1				
OG0009700	scaffold4.g4900.t1				
OG0009701	scaffold4.g4918.t1				
OG0009702	scaffold4.g4933.t1				
OG0009703	scaffold4.g4942.t1				
OG0009704	scaffold4.g4952.t1				
OG0009705	scaffold4.g4978.t1				
OG0009706	scaffold4.g4984.t1				
OG0009707	scaffold4.g4995.t1				
OG0009708	scaffold4.g5049.t1				
OG0009709	scaffold116.g5060.t1				
OG0009710	scaffold36.g5068.t1				
OG0009711	scaffold25.g5080.t1				
OG0009712	scaffold25.g5097.t1				
OG0009713	scaffold25.g5098.t1				
OG0009714	scaffold25.g5105.t1				
OG0009715	scaffold25.g5107.t1				
OG0009716	scaffold25.g5140.t1				
OG0009717	scaffold25.g5141.t1				
OG0009718	scaffold335.g5144.t1				
OG0009719	scaffold321.g5146.t1				
OG0009720	scaffold344.g5170.t1				
OG0009721	scaffold363.g5171.t1				
OG0009722	scaffold1.g5227.t1				
OG0009723	scaffold1.g5230.t1				
OG0009724	scaffold1.g5254.t1				
OG0009725	scaffold1.g5267.t1				
OG0009726	scaffold1.g5277.t1				
OG0009727	scaffold1.g5299.t1				
OG0009728	scaffold1.g5300.t1				
OG0009729	scaffold1.g5306.t1				
OG0009730	scaffold1.g5308.t1				
OG0009731	scaffold1.g5343.t1				
OG0009732	scaffold1.g5375.t1				
OG0009733	scaffold1.g5385.t1				
OG0009734	scaffold1.g5414.t1				
OG0009735	scaffold1.g5423.t1				
OG0009736	scaffold1.g5424.t1				
OG0009737	scaffold1.g5462.t1				
OG0009738	scaffold1.g5529.t1				
OG0009739	scaffold1.g5560.t1				
OG0009740	scaffold1.g5566.t1				
OG0009741	scaffold1.g5568.t1				
OG0009742	scaffold1.g5603.t1				
OG0009743	scaffold1.g5607.t1				
OG0009744	scaffold1.g5633.t1				
OG0009745	scaffold1.g5670.t1				
OG0009746	scaffold1.g5707.t1				
OG0009747	scaffold1.g5709.t1				
OG0009748	scaffold1.g5722.t1				
OG0009749	scaffold1.g5725.t1				
OG0009750	scaffold1.g5731.t1				
OG0009751	scaffold1.g5735.t1				
OG0009752	scaffold1.g5782.t1				
OG0009753	scaffold1.g5790.t1				
OG0009754	scaffold1.g5799.t1				
OG0009755	scaffold1.g5812.t1				
OG0009756	scaffold1.g5821.t1				
OG0009757	scaffold1.g5824.t1				
OG0009758	scaffold1.g5835.t1				
OG0009759	scaffold1.g5842.t1				
OG0009760	scaffold1.g5853.t1				
OG0009761	scaffold1.g5860.t1				
OG0009762	scaffold1.g5864.t1				
OG0009763	scaffold1.g5871.t1				
OG0009764	scaffold1.g5872.t1				
OG0009765	scaffold1.g5893.t1				
OG0009766	scaffold380.g5901.t1				
OG0009767	scaffold390.g5903.t1				
OG0009768	scaffold393.g5904.t1				
OG0009769	scaffold377.g5906.t1				
OG0009770	scaffold481.g5910.t1				
OG0009771	scaffold532.g5911.t1				
OG0009772	scaffold29.g5954.t1				
OG0009773	scaffold29.g5962.t1				
OG0009774	scaffold51.g5968.t1				
OG0009775	scaffold27.g5993.t1				
OG0009776	scaffold27.g5999.t1				
OG0009777	scaffold27.g6000.t1				
OG0009778	scaffold27.g6016.t1				
OG0009779	scaffold41.g6030.t1				
OG0009780	scaffold41.g6031.t1				
OG0009781	scaffold22.g6049.t1				
OG0009782	scaffold22.g6056.t1				
OG0009783	scaffold22.g6095.t1				
OG0009784	scaffold22.g6099.t1				
OG0009785	scaffold22.g6154.t1				
OG0009786	scaffold22.g6155.t1				
OG0009787	scaffold3.g6219.t1				
OG0009788	scaffold3.g6229.t1				
OG0009789	scaffold3.g6330.t1				
OG0009790	scaffold3.g6344.t1				
OG0009791	scaffold3.g6363.t1				
OG0009792	scaffold3.g6368.t1				
OG0009793	scaffold3.g6377.t1				
OG0009794	scaffold3.g6404.t1				
OG0009795	scaffold3.g6406.t1				
OG0009796	scaffold3.g6486.t1				
OG0009797	scaffold3.g6500.t1				
OG0009798	scaffold3.g6585.t1				
OG0009799	scaffold3.g6593.t1				
OG0009800	scaffold3.g6600.t1				
OG0009801	scaffold3.g6604.t1				
OG0009802	scaffold3.g6609.t1				
OG0009803	scaffold3.g6617.t1				
OG0009804	scaffold3.g6642.t1				
OG0009805	scaffold3.g6662.t1				
OG0009806	scaffold3.g6667.t1				
OG0009807	scaffold3.g6693.t1				
OG0009808	scaffold3.g6713.t1				
OG0009809	scaffold3.g6727.t1				
OG0009810	scaffold3.g6752.t1				
OG0009811	scaffold3.g6762.t1				
OG0009812	scaffold3.g6767.t1				
OG0009813	scaffold2.g6794.t1				
OG0009814	scaffold2.g6795.t1				
OG0009815	scaffold2.g6812.t1				
OG0009816	scaffold2.g6815.t1				
OG0009817	scaffold2.g6822.t1				
OG0009818	scaffold2.g6833.t1				
OG0009819	scaffold2.g6844.t1				
OG0009820	scaffold2.g6858.t1				
OG0009821	scaffold2.g6867.t1				
OG0009822	scaffold2.g6903.t1				
OG0009823	scaffold2.g6912.t1				
OG0009824	scaffold2.g6913.t1				
OG0009825	scaffold2.g6917.t1				
OG0009826	scaffold2.g6918.t1				
OG0009827	scaffold2.g6926.t1				
OG0009828	scaffold2.g6927.t1				
OG0009829	scaffold2.g6958.t1				
OG0009830	scaffold2.g6962.t1				
OG0009831	scaffold2.g6965.t1				
OG0009832	scaffold2.g6977.t1				
OG0009833	scaffold2.g6979.t1				
OG0009834	scaffold2.g6984.t1				
OG0009835	scaffold2.g6997.t1				
OG0009836	scaffold2.g7005.t1				
OG0009837	scaffold2.g7010.t1				
OG0009838	scaffold2.g7013.t1				
OG0009839	scaffold2.g7036.t1				
OG0009840	scaffold2.g7048.t1				
OG0009841	scaffold2.g7079.t1				
OG0009842	scaffold2.g7127.t1				
OG0009843	scaffold2.g7131.t1				
OG0009844	scaffold2.g7148.t1				
OG0009845	scaffold2.g7168.t1				
OG0009846	scaffold2.g7185.t1				
OG0009847	scaffold2.g7192.t1				
OG0009848	scaffold2.g7201.t1				
OG0009849	scaffold2.g7203.t1				
OG0009850	scaffold2.g7217.t1				
OG0009851	scaffold2.g7236.t1				
OG0009852	scaffold2.g7249.t1				
OG0009853	scaffold2.g7304.t1				
OG0009854	scaffold2.g7312.t1				
OG0009855	scaffold2.g7329.t1				
OG0009856	scaffold2.g7357.t1				
OG0009857	scaffold2.g7390.t1				
OG0009858	scaffold2.g7496.t1				
OG0009859	scaffold2.g7500.t1				
OG0009860	scaffold2.g7507.t1				
OG0009861	scaffold28.g7553.t1				
OG0009862	scaffold28.g7555.t1				
OG0009863	scaffold28.g7570.t1				
OG0009864	scaffold28.g7581.t1				
OG0009865	scaffold28.g7602.t1				
OG0009866	scaffold20.g7613.t1				
OG0009867	scaffold20.g7615.t1				
OG0009868	scaffold20.g7633.t1				
OG0009869	scaffold20.g7664.t1				
OG0009870	scaffold20.g7681.t1				
OG0009871	scaffold20.g7711.t1				
OG0009872	scaffold20.g7738.t1				
OG0009873	scaffold20.g7739.t1				
OG0009874	scaffold20.g7772.t1				
OG0009875	scaffold20.g7782.t1				
OG0009876	scaffold20.g7788.t1				
OG0009877	scaffold20.g7844.t1				
OG0009878	scaffold20.g7858.t1				
OG0009879	scaffold20.g7884.t1				
OG0009880	scaffold20.g7895.t1				
OG0009881	scaffold12.g7915.t1				
OG0009882	scaffold12.g7925.t1				
OG0009883	scaffold12.g7950.t1				
OG0009884	scaffold12.g7955.t1				
OG0009885	scaffold12.g7957.t1				
OG0009886	scaffold12.g7983.t1				
OG0009887	scaffold12.g7992.t1				
OG0009888	scaffold12.g8006.t1				
OG0009889	scaffold12.g8010.t1				
OG0009890	scaffold12.g8018.t1				
OG0009891	scaffold12.g8030.t1				
OG0009892	scaffold12.g8031.t1				
OG0009893	scaffold12.g8057.t1				
OG0009894	scaffold12.g8064.t1				
OG0009895	scaffold12.g8078.t1				
OG0009896	scaffold12.g8119.t1				
OG0009897	scaffold12.g8133.t1				
OG0009898	scaffold12.g8158.t1				
OG0009899	scaffold12.g8173.t1				
OG0009900	scaffold12.g8186.t1				
OG0009901	scaffold12.g8187.t1				
OG0009902	scaffold12.g8194.t1				
OG0009903	scaffold12.g8203.t1				
OG0009904	scaffold12.g8223.t1				
OG0009905	scaffold12.g8240.t1				
OG0009906	scaffold12.g8282.t1				
OG0009907	scaffold12.g8286.t1				
OG0009908	scaffold12.g8289.t1				
OG0009909		PRW05683.1			
OG0009910		PRW05742.1			
OG0009911		PRW05747.1			
OG0009912		PRW05757.1			
OG0009913		PRW05760.1			
OG0009914		PRW05762.1			
OG0009915		PRW05783.1			
OG0009916		PRW05790.1			
OG0009917		PRW05795.1			
OG0009918		PRW05809.1			
OG0009919		PRW05840.1			
OG0009920		PRW05843.1			
OG0009921		PRW05860.1			
OG0009922		PRW05891.1			
OG0009923		PRW05911.1			
OG0009924		PRW05925.1			
OG0009925		PRW05936.1			
OG0009926		PRW05937.1			
OG0009927		PRW05943.1			
OG0009928		PRW05949.1			
OG0009929		PRW18329.1			
OG0009930		PRW18357.1			
OG0009931		PRW18359.1			
OG0009932		PRW18381.1			
OG0009933		PRW18414.1			
OG0009934		PRW20180.1			
OG0009935		PRW20194.1			
OG0009936		PRW20230.1			
OG0009937		PRW20243.1			
OG0009938		PRW20245.1			
OG0009939		PRW20279.1			
OG0009940		PRW20287.1			
OG0009941		PRW20291.1			
OG0009942		PRW20294.1			
OG0009943		PRW20322.1			
OG0009944		PRW20366.1			
OG0009945		PRW20368.1			
OG0009946		PRW20370.1			
OG0009947		PRW20393.1			
OG0009948		PRW20468.1			
OG0009949		PRW20508.1			
OG0009950		PRW20562.1			
OG0009951		PRW20572.1			
OG0009952		PRW20586.1			
OG0009953		PRW20611.1			
OG0009954		PRW20616.1			
OG0009955		PRW20617.1			
OG0009956		PRW20619.1			
OG0009957		PRW20628.1			
OG0009958		PRW20633.1			
OG0009959		PRW20645.1			
OG0009960		PRW20659.1			
OG0009961		PRW20661.1			
OG0009962		PRW20669.1			
OG0009963		PRW20675.1			
OG0009964		PRW20691.1			
OG0009965		PRW20699.1			
OG0009966		PRW20701.1			
OG0009967		PRW20715.1			
OG0009968		PRW20722.1			
OG0009969		PRW20753.1			
OG0009970		PRW20759.1			
OG0009971		PRW20762.1			
OG0009972		PRW20769.1			
OG0009973		PRW20823.1			
OG0009974		PRW20856.1			
OG0009975		PRW20858.1			
OG0009976		PRW20880.1			
OG0009977		PRW20896.1			
OG0009978		PRW20901.1			
OG0009979		PRW20909.1			
OG0009980		PRW20921.1			
OG0009981		PRW20922.1			
OG0009982		PRW20930.1			
OG0009983		PRW20932.1			
OG0009984		PRW20964.1			
OG0009985		PRW20991.1			
OG0009986		PRW20992.1			
OG0009987		PRW21003.1			
OG0009988		PRW21020.1			
OG0009989		PRW21046.1			
OG0009990		PRW21047.1			
OG0009991		PRW21053.1			
OG0009992		PRW21061.1			
OG0009993		PRW21074.1			
OG0009994		PRW21086.1			
OG0009995		PRW32479.1			
OG0009996		PRW32481.1			
OG0009997		PRW32483.1			
OG0009998		PRW32497.1			
OG0009999		PRW32507.1			
OG0010000		PRW32519.1			
OG0010001		PRW32528.1			
OG0010002		PRW32552.1			
OG0010003		PRW32592.1			
OG0010004		PRW32593.1			
OG0010005		PRW32619.1			
OG0010006		PRW32624.1			
OG0010007		PRW32628.1			
OG0010008		PRW32639.1			
OG0010009		PRW32653.1			
OG0010010		PRW32655.1			
OG0010011		PRW32660.1			
OG0010012		PRW32672.1			
OG0010013		PRW32683.1			
OG0010014		PRW32687.1			
OG0010015		PRW32840.1			
OG0010016		PRW32842.1			
OG0010017		PRW32843.1			
OG0010018		PRW32873.1			
OG0010019		PRW32880.1			
OG0010020		PRW32900.1			
OG0010021		PRW32933.1			
OG0010022		PRW32951.1			
OG0010023		PRW32965.1			
OG0010024		PRW32987.1			
OG0010025		PRW33000.1			
OG0010026		PRW33015.1			
OG0010027		PRW33043.1			
OG0010028		PRW33044.1			
OG0010029		PRW33045.1			
OG0010030		PRW33051.1			
OG0010031		PRW33052.1			
OG0010032		PRW33059.1			
OG0010033		PRW33075.1			
OG0010034		PRW33080.1			
OG0010035		PRW33109.1			
OG0010036		PRW33113.1			
OG0010037		PRW33153.1			
OG0010038		PRW33191.1			
OG0010039		PRW33198.1			
OG0010040		PRW33228.1			
OG0010041		PRW33246.1			
OG0010042		PRW33287.1			
OG0010043		PRW33301.1			
OG0010044		PRW33315.1			
OG0010045		PRW33516.1			
OG0010046		PRW33570.1			
OG0010047		PRW33590.1			
OG0010048		PRW33604.1			
OG0010049		PRW33614.1			
OG0010050		PRW33622.1			
OG0010051		PRW33667.1			
OG0010052		PRW33668.1			
OG0010053		PRW33705.1			
OG0010054		PRW33718.1			
OG0010055		PRW33720.1			
OG0010056		PRW33752.1			
OG0010057		PRW33757.1			
OG0010058		PRW33765.1			
OG0010059		PRW33768.1			
OG0010060		PRW33777.1			
OG0010061		PRW33805.1			
OG0010062		PRW33827.1			
OG0010063		PRW33835.1			
OG0010064		PRW33863.1			
OG0010065		PRW33879.1			
OG0010066		PRW33915.1			
OG0010067		PRW33936.1			
OG0010068		PRW33946.1			
OG0010069		PRW33947.1			
OG0010070		PRW33987.1			
OG0010071		PRW33993.1			
OG0010072		PRW34009.1			
OG0010073		PRW34035.1			
OG0010074		PRW34074.1			
OG0010075		PRW34083.1			
OG0010076		PRW34087.1			
OG0010077		PRW39059.1			
OG0010078		PRW39077.1			
OG0010079		PRW39091.1			
OG0010080		PRW39122.1			
OG0010081		PRW39150.1			
OG0010082		PRW39160.1			
OG0010083		PRW39170.1			
OG0010084		PRW39179.1			
OG0010085		PRW39199.1			
OG0010086		PRW39257.1			
OG0010087		PRW39316.1			
OG0010088		PRW39379.1			
OG0010089		PRW44260.1			
OG0010090		PRW44265.1			
OG0010091		PRW44274.1			
OG0010092		PRW44289.1			
OG0010093		PRW44294.1			
OG0010094		PRW44306.1			
OG0010095		PRW44311.1			
OG0010096		PRW44329.1			
OG0010097		PRW44346.1			
OG0010098		PRW44358.1			
OG0010099		PRW44410.1			
OG0010100		PRW44416.1			
OG0010101		PRW44439.1			
OG0010102		PRW44457.1			
OG0010103		PRW44502.1			
OG0010104		PRW44513.1			
OG0010105		PRW44554.1			
OG0010106		PRW44557.1			
OG0010107		PRW44566.1			
OG0010108		PRW44574.1			
OG0010109		PRW44578.1			
OG0010110		PRW44598.1			
OG0010111		PRW44599.1			
OG0010112		PRW44600.1			
OG0010113		PRW44601.1			
OG0010114		PRW44602.1			
OG0010115		PRW44619.1			
OG0010116		PRW44852.1			
OG0010117		PRW44915.1			
OG0010118		PRW44934.1			
OG0010119		PRW44957.1			
OG0010120		PRW44994.1			
OG0010121		PRW45003.1			
OG0010122		PRW45004.1			
OG0010123		PRW45020.1			
OG0010124		PRW45021.1			
OG0010125		PRW45036.1			
OG0010126		PRW45040.1			
OG0010127		PRW45069.1			
OG0010128		PRW45098.1			
OG0010129		PRW45099.1			
OG0010130		PRW45101.1			
OG0010131		PRW45108.1			
OG0010132		PRW45113.1			
OG0010133		PRW45150.1			
OG0010134		PRW45167.1			
OG0010135		PRW45187.1			
OG0010136		PRW45192.1			
OG0010137		PRW45194.1			
OG0010138		PRW45206.1			
OG0010139		PRW45209.1			
OG0010140		PRW45214.1			
OG0010141		PRW45215.1			
OG0010142		PRW45225.1			
OG0010143		PRW45262.1			
OG0010144		PRW45334.1			
OG0010145		PRW45340.1			
OG0010146		PRW45342.1			
OG0010147		PRW45347.1			
OG0010148		PRW45351.1			
OG0010149		PRW45361.1			
OG0010150		PRW45393.1			
OG0010151		PRW45406.1			
OG0010152		PRW45414.1			
OG0010153		PRW45435.1			
OG0010154		PRW45442.1			
OG0010155		PRW45461.1			
OG0010156		PRW45469.1			
OG0010157		PRW45486.1			
OG0010158		PRW45508.1			
OG0010159		PRW45554.1			
OG0010160		PRW45563.1			
OG0010161		PRW45580.1			
OG0010162		PRW45609.1			
OG0010163		PRW45616.1			
OG0010164		PRW45634.1			
OG0010165		PRW45656.1			
OG0010166		PRW45662.1			
OG0010167		PRW45667.1			
OG0010168		PRW45696.1			
OG0010169		PRW50805.1			
OG0010170		PRW50811.1			
OG0010171		PRW50825.1			
OG0010172		PRW50839.1			
OG0010173		PRW50847.1			
OG0010174		PRW50865.1			
OG0010175		PRW50872.1			
OG0010176		PRW50895.1			
OG0010177		PRW50903.1			
OG0010178		PRW50906.1			
OG0010179		PRW50912.1			
OG0010180		PRW50922.1			
OG0010181		PRW50927.1			
OG0010182		PRW50935.1			
OG0010183		PRW50962.1			
OG0010184		PRW50963.1			
OG0010185		PRW50968.1			
OG0010186		PRW50995.1			
OG0010187		PRW51039.1			
OG0010188		PRW51052.1			
OG0010189		PRW51090.1			
OG0010190		PRW51100.1			
OG0010191		PRW51130.1			
OG0010192		PRW51132.1			
OG0010193		PRW51164.1			
OG0010194		PRW51176.1			
OG0010195		PRW55893.1			
OG0010196		PRW55904.1			
OG0010197		PRW55906.1			
OG0010198		PRW55922.1			
OG0010199		PRW55927.1			
OG0010200		PRW55935.1			
OG0010201		PRW55948.1			
OG0010202		PRW55954.1			
OG0010203		PRW55992.1			
OG0010204		PRW56000.1			
OG0010205		PRW56034.1			
OG0010206		PRW56040.1			
OG0010207		PRW56068.1			
OG0010208		PRW56072.1			
OG0010209		PRW56075.1			
OG0010210		PRW56096.1			
OG0010211		PRW56121.1			
OG0010212		PRW56136.1			
OG0010213		PRW56137.1			
OG0010214		PRW56149.1			
OG0010215		PRW56159.1			
OG0010216		PRW56162.1			
OG0010217		PRW56193.1			
OG0010218		PRW56201.1			
OG0010219		PRW56226.1			
OG0010220		PRW56260.1			
OG0010221		PRW56318.1			
OG0010222		PRW56321.1			
OG0010223		PRW56336.1			
OG0010224		PRW56349.1			
OG0010225		PRW56350.1			
OG0010226		PRW56355.1			
OG0010227		PRW56395.1			
OG0010228		PRW56482.1			
OG0010229		PRW56491.1			
OG0010230		PRW56499.1			
OG0010231		PRW56500.1			
OG0010232		PRW56507.1			
OG0010233		PRW56543.1			
OG0010234		PRW56565.1			
OG0010235		PRW56572.1			
OG0010236		PRW56574.1			
OG0010237		PRW56660.1			
OG0010238		PRW56697.1			
OG0010239		PRW56765.1			
OG0010240		PRW56825.1			
OG0010241		PRW56835.1			
OG0010242		PRW56839.1			
OG0010243		PRW56840.1			
OG0010244		PRW56856.1			
OG0010245		PRW56859.1			
OG0010246		PRW56885.1			
OG0010247		PRW56911.1			
OG0010248		PRW56932.1			
OG0010249		PRW56989.1			
OG0010250		PRW56995.1			
OG0010251		PRW57004.1			
OG0010252		PRW57013.1			
OG0010253		PRW57025.1			
OG0010254		PRW57067.1			
OG0010255		PRW57077.1			
OG0010256		PRW57091.1			
OG0010257		PRW57119.1			
OG0010258		PRW57120.1			
OG0010259		PRW57175.1			
OG0010260		PRW57183.1			
OG0010261		PRW57214.1			
OG0010262		PRW57215.1			
OG0010263		PRW57216.1			
OG0010264		PRW57234.1			
OG0010265		PRW57264.1			
OG0010266		PRW57268.1			
OG0010267		PRW57329.1			
OG0010268		PRW57336.1			
OG0010269		PRW57341.1			
OG0010270		PRW57350.1			
OG0010271		PRW57354.1			
OG0010272		PRW57378.1			
OG0010273		PRW57381.1			
OG0010274		PRW57396.1			
OG0010275		PRW57418.1			
OG0010276		PRW57446.1			
OG0010277		PRW57463.1			
OG0010278		PRW57464.1			
OG0010279		PRW57545.1			
OG0010280		PRW57553.1			
OG0010281		PRW57583.1			
OG0010282		PRW57590.1			
OG0010283		PRW57594.1			
OG0010284		PRW57608.1			
OG0010285		PRW57619.1			
OG0010286		PRW57626.1			
OG0010287		PRW57627.1			
OG0010288		PRW57655.1			
OG0010289		PRW57688.1			
OG0010290		PRW57759.1			
OG0010291		PRW57813.1			
OG0010292		PRW57836.1			
OG0010293		PRW57853.1			
OG0010294		PRW57857.1			
OG0010295		PRW57861.1			
OG0010296		PRW57879.1			
OG0010297		PRW57892.1			
OG0010298		PRW57899.1			
OG0010299		PRW57908.1			
OG0010300		PRW57909.1			
OG0010301		PRW57913.1			
OG0010302		PRW57940.1			
OG0010303		PRW57957.1			
OG0010304		PRW57964.1			
OG0010305		PRW57982.1			
OG0010306		PRW58006.1			
OG0010307		PRW58035.1			
OG0010308		PRW58062.1			
OG0010309		PRW58074.1			
OG0010310		PRW58179.1			
OG0010311		PRW58180.1			
OG0010312		PRW58207.1			
OG0010313		PRW58209.1			
OG0010314		PRW58217.1			
OG0010315		PRW58228.1			
OG0010316		PRW58231.1			
OG0010317		PRW58248.1			
OG0010318		PRW58256.1			
OG0010319		PRW58265.1			
OG0010320		PRW58288.1			
OG0010321		PRW58302.1			
OG0010322		PRW58307.1			
OG0010323		PRW58309.1			
OG0010324		PRW58353.1			
OG0010325		PRW58383.1			
OG0010326		PRW58411.1			
OG0010327		PRW58443.1			
OG0010328		PRW58445.1			
OG0010329		PRW58461.1			
OG0010330		PRW58462.1			
OG0010331		PRW58493.1			
OG0010332		PRW58505.1			
OG0010333		PRW58510.1			
OG0010334		PRW58525.1			
OG0010335		PRW58526.1			
OG0010336		PRW58536.1			
OG0010337		PRW58565.1			
OG0010338		PRW58568.1			
OG0010339		PRW58570.1			
OG0010340		PRW58599.1			
OG0010341		PRW58613.1			
OG0010342		PRW58619.1			
OG0010343		PRW58652.1			
OG0010344		PRW58659.1			
OG0010345		PRW58662.1			
OG0010346		PRW58688.1			
OG0010347		PRW58720.1			
OG0010348		PRW58724.1			
OG0010349		PRW58742.1			
OG0010350		PRW58763.1			
OG0010351		PRW58769.1			
OG0010352		PRW58773.1			
OG0010353		PRW58808.1			
OG0010354		PRW58818.1			
OG0010355		PRW58865.1			
OG0010356		PRW58876.1			
OG0010357		PRW58879.1			
OG0010358		PRW58903.1			
OG0010359		PRW58904.1			
OG0010360		PRW58930.1			
OG0010361		PRW58955.1			
OG0010362		PRW58957.1			
OG0010363		PRW58973.1			
OG0010364		PRW59005.1			
OG0010365		PRW59013.1			
OG0010366		PRW59021.1			
OG0010367		PRW59025.1			
OG0010368		PRW59026.1			
OG0010369		PRW59056.1			
OG0010370		PRW59071.1			
OG0010371		PRW59074.1			
OG0010372		PRW59089.1			
OG0010373		PRW59091.1			
OG0010374		PRW59099.1			
OG0010375		PRW59105.1			
OG0010376		PRW59108.1			
OG0010377		PRW59144.1			
OG0010378		PRW59156.1			
OG0010379		PRW59218.1			
OG0010380		PRW59241.1			
OG0010381		PRW59256.1			
OG0010382		PRW59261.1			
OG0010383		PRW59279.1			
OG0010384		PRW59297.1			
OG0010385		PRW59320.1			
OG0010386		PRW59364.1			
OG0010387		PRW59365.1			
OG0010388		PRW59369.1			
OG0010389		PRW59381.1			
OG0010390		PRW59416.1			
OG0010391		PRW59427.1			
OG0010392		PRW59433.1			
OG0010393		PRW59435.1			
OG0010394		PRW59466.1			
OG0010395		PRW59480.1			
OG0010396		PRW59593.1			
OG0010397		PRW59603.1			
OG0010398		PRW59613.1			
OG0010399		PRW59615.1			
OG0010400		PRW59622.1			
OG0010401		PRW59660.1			
OG0010402		PRW59718.1			
OG0010403		PRW59724.1			
OG0010404		PRW59745.1			
OG0010405		PRW59754.1			
OG0010406		PRW59770.1			
OG0010407		PRW59779.1			
OG0010408		PRW59782.1			
OG0010409		PRW59791.1			
OG0010410		PRW59795.1			
OG0010411		PRW59810.1			
OG0010412		PRW59839.1			
OG0010413		PRW59846.1			
OG0010414		PRW59874.1			
OG0010415		PRW59877.1			
OG0010416		PRW59880.1			
OG0010417		PRW59932.1			
OG0010418		PRW59961.1			
OG0010419		PRW59969.1			
OG0010420		PRW59986.1			
OG0010421		PRW59989.1			
OG0010422		PRW60023.1			
OG0010423		PRW60048.1			
OG0010424		PRW60084.1			
OG0010425		PRW60090.1			
OG0010426		PRW60094.1			
OG0010427		PRW60140.1			
OG0010428		PRW60159.1			
OG0010429		PRW60189.1			
OG0010430		PRW60245.1			
OG0010431		PRW60248.1			
OG0010432		PRW60271.1			
OG0010433		PRW60272.1			
OG0010434		PRW60290.1			
OG0010435		PRW60305.1			
OG0010436		PRW60338.1			
OG0010437		PRW60341.1			
OG0010438		PRW60342.1			
OG0010439		PRW60382.1			
OG0010440		PRW60386.1			
OG0010441		PRW60400.1			
OG0010442		PRW60419.1			
OG0010443		PRW60427.1			
OG0010444		PRW60446.1			
OG0010445		PRW60474.1			
OG0010446		PRW60479.1			
OG0010447		PRW60502.1			
OG0010448		PRW60511.1			
OG0010449		PRW60567.1			
OG0010450		PRW60574.1			
OG0010451		PRW60582.1			
OG0010452		PRW60589.1			
OG0010453		PRW60600.1			
OG0010454		PRW60601.1			
OG0010455		PRW60624.1			
OG0010456		PRW60651.1			
OG0010457		PRW60652.1			
OG0010458		PRW60658.1			
OG0010459		PRW60665.1			
OG0010460		PRW60686.1			
OG0010461		PRW60690.1			
OG0010462		PRW60691.1			
OG0010463		PRW60693.1			
OG0010464		PRW60719.1			
OG0010465		PRW60780.1			
OG0010466		PRW60805.1			
OG0010467		PRW60823.1			
OG0010468		PRW60849.1			
OG0010469		PRW60893.1			
OG0010470		PRW60905.1			
OG0010471		PRW60912.1			
OG0010472		PRW60976.1			
OG0010473		PRW61030.1			
OG0010474		PRW61040.1			
OG0010475		PRW61058.1			
OG0010476		PRW61063.1			
OG0010477		PRW61087.1			
OG0010478		PRW61105.1			
OG0010479		PRW61119.1			
OG0010480		PRW61202.1			
OG0010481		PRW61214.1			
OG0010482		PRW61231.1			
OG0010483		PRW61233.1			
OG0010484		PRW61246.1			
OG0010485		PRW61248.1			
OG0010486		PRW61296.1			
OG0010487		PRW61328.1			
OG0010488		PRW61332.1			
OG0010489		PRW61374.1			
OG0010490		PRW61383.1			
OG0010491		PRW61407.1			
OG0010492		PRW61465.1			
OG0010493		PRW61521.1			
OG0010494		PRW61525.1			
OG0010495		PRW61548.1			
OG0010496		PRW61551.1			
OG0010497		PRW61574.1			
OG0010498		PRW61603.1			
OG0010499		PRW61607.1			
OG0010500			XP_005842544.1		
OG0010501			XP_005842547.1		
OG0010502			XP_005842548.1		
OG0010503			XP_005842549.1		
OG0010504			XP_005842554.1		
OG0010505			XP_005842555.1		
OG0010506			XP_005842556.1		
OG0010507			XP_005842559.1		
OG0010508			XP_005842560.1		
OG0010509			XP_005842561.1		
OG0010510			XP_005842562.1		
OG0010511			XP_005842565.1		
OG0010512			XP_005842567.1		
OG0010513			XP_005842568.1		
OG0010514			XP_005842569.1		
OG0010515			XP_005842571.1		
OG0010516			XP_005842572.1		
OG0010517			XP_005842576.1		
OG0010518			XP_005842578.1		
OG0010519			XP_005842580.1		
OG0010520			XP_005842583.1		
OG0010521			XP_005842585.1		
OG0010522			XP_005842587.1		
OG0010523			XP_005842590.1		
OG0010524			XP_005842603.1		
OG0010525			XP_005842604.1		
OG0010526			XP_005842612.1		
OG0010527			XP_005842613.1		
OG0010528			XP_005842616.1		
OG0010529			XP_005842617.1		
OG0010530			XP_005842619.1		
OG0010531			XP_005842622.1		
OG0010532			XP_005842624.1		
OG0010533			XP_005842628.1		
OG0010534			XP_005842629.1		
OG0010535			XP_005842632.1		
OG0010536			XP_005842633.1		
OG0010537			XP_005842634.1		
OG0010538			XP_005842640.1		
OG0010539			XP_005842644.1		
OG0010540			XP_005842645.1		
OG0010541			XP_005842653.1		
OG0010542			XP_005842659.1		
OG0010543			XP_005842664.1		
OG0010544			XP_005842668.1		
OG0010545			XP_005842669.1		
OG0010546			XP_005842671.1		
OG0010547			XP_005842680.1		
OG0010548			XP_005842692.1		
OG0010549			XP_005842696.1		
OG0010550			XP_005842705.1		
OG0010551			XP_005842706.1		
OG0010552			XP_005842707.1		
OG0010553			XP_005842709.1		
OG0010554			XP_005842712.1		
OG0010555			XP_005842719.1		
OG0010556			XP_005842723.1		
OG0010557			XP_005842728.1		
OG0010558			XP_005842729.1		
OG0010559			XP_005842733.1		
OG0010560			XP_005842735.1		
OG0010561			XP_005842759.1		
OG0010562			XP_005842760.1		
OG0010563			XP_005842763.1		
OG0010564			XP_005842764.1		
OG0010565			XP_005842769.1		
OG0010566			XP_005842771.1		
OG0010567			XP_005842779.1		
OG0010568			XP_005842795.1		
OG0010569			XP_005842797.1		
OG0010570			XP_005842803.1		
OG0010571			XP_005842847.1		
OG0010572			XP_005842854.1		
OG0010573			XP_005842895.1		
OG0010574			XP_005842896.1		
OG0010575			XP_005842902.1		
OG0010576			XP_005842967.1		
OG0010577			XP_005842976.1		
OG0010578			XP_005842982.1		
OG0010579			XP_005842990.1		
OG0010580			XP_005843046.1		
OG0010581			XP_005843059.1		
OG0010582			XP_005843077.1		
OG0010583			XP_005843081.1		
OG0010584			XP_005843093.1		
OG0010585			XP_005843122.1		
OG0010586			XP_005843146.1		
OG0010587			XP_005843243.1		
OG0010588			XP_005843250.1		
OG0010589			XP_005843265.1		
OG0010590			XP_005843269.1		
OG0010591			XP_005843327.1		
OG0010592			XP_005843356.1		
OG0010593			XP_005843367.1		
OG0010594			XP_005843459.1		
OG0010595			XP_005843463.1		
OG0010596			XP_005843481.1		
OG0010597			XP_005843517.1		
OG0010598			XP_005843530.1		
OG0010599			XP_005843535.1		
OG0010600			XP_005843543.1		
OG0010601			XP_005843550.1		
OG0010602			XP_005843551.1		
OG0010603			XP_005843598.1		
OG0010604			XP_005843612.1		
OG0010605			XP_005843695.1		
OG0010606			XP_005843710.1		
OG0010607			XP_005843717.1		
OG0010608			XP_005843723.1		
OG0010609			XP_005843730.1		
OG0010610			XP_005843740.1		
OG0010611			XP_005843762.1		
OG0010612			XP_005843803.1		
OG0010613			XP_005843838.1		
OG0010614			XP_005843855.1		
OG0010615			XP_005843857.1		
OG0010616			XP_005843884.1		
OG0010617			XP_005843885.1		
OG0010618			XP_005844038.1		
OG0010619			XP_005844091.1		
OG0010620			XP_005844120.1		
OG0010621			XP_005844136.1		
OG0010622			XP_005844159.1		
OG0010623			XP_005844173.1		
OG0010624			XP_005844182.1		
OG0010625			XP_005844183.1		
OG0010626			XP_005844260.1		
OG0010627			XP_005844282.1		
OG0010628			XP_005844306.1		
OG0010629			XP_005844323.1		
OG0010630			XP_005844352.1		
OG0010631			XP_005844353.1		
OG0010632			XP_005844356.1		
OG0010633			XP_005844367.1		
OG0010634			XP_005844379.1		
OG0010635			XP_005844388.1		
OG0010636			XP_005844448.1		
OG0010637			XP_005844450.1		
OG0010638			XP_005844451.1		
OG0010639			XP_005844453.1		
OG0010640			XP_005844494.1		
OG0010641			XP_005844508.1		
OG0010642			XP_005844571.1		
OG0010643			XP_005844585.1		
OG0010644			XP_005844591.1		
OG0010645			XP_005844659.1		
OG0010646			XP_005844695.1		
OG0010647			XP_005844708.1		
OG0010648			XP_005844752.1		
OG0010649			XP_005844771.1		
OG0010650			XP_005844795.1		
OG0010651			XP_005844810.1		
OG0010652			XP_005844816.1		
OG0010653			XP_005844821.1		
OG0010654			XP_005844879.1		
OG0010655			XP_005844887.1		
OG0010656			XP_005844924.1		
OG0010657			XP_005844938.1		
OG0010658			XP_005844953.1		
OG0010659			XP_005845034.1		
OG0010660			XP_005845049.1		
OG0010661			XP_005845074.1		
OG0010662			XP_005845091.1		
OG0010663			XP_005845154.1		
OG0010664			XP_005845203.1		
OG0010665			XP_005845216.1		
OG0010666			XP_005845217.1		
OG0010667			XP_005845228.1		
OG0010668			XP_005845255.1		
OG0010669			XP_005845273.1		
OG0010670			XP_005845291.1		
OG0010671			XP_005845322.1		
OG0010672			XP_005845331.1		
OG0010673			XP_005845348.1		
OG0010674			XP_005845416.1		
OG0010675			XP_005845439.1		
OG0010676			XP_005845445.1		
OG0010677			XP_005845482.1		
OG0010678			XP_005845504.1		
OG0010679			XP_005845551.1		
OG0010680			XP_005845566.1		
OG0010681			XP_005845604.1		
OG0010682			XP_005845611.1		
OG0010683			XP_005845677.1		
OG0010684			XP_005845706.1		
OG0010685			XP_005845742.1		
OG0010686			XP_005845793.1		
OG0010687			XP_005845815.1		
OG0010688			XP_005845853.1		
OG0010689			XP_005845856.1		
OG0010690			XP_005845868.1		
OG0010691			XP_005845899.1		
OG0010692			XP_005845939.1		
OG0010693			XP_005845972.1		
OG0010694			XP_005846040.1		
OG0010695			XP_005846043.1		
OG0010696			XP_005846054.1		
OG0010697			XP_005846056.1		
OG0010698			XP_005846077.1		
OG0010699			XP_005846082.1		
OG0010700			XP_005846093.1		
OG0010701			XP_005846118.1		
OG0010702			XP_005846120.1		
OG0010703			XP_005846129.1		
OG0010704			XP_005846134.1		
OG0010705			XP_005846165.1		
OG0010706			XP_005846281.1		
OG0010707			XP_005846283.1		
OG0010708			XP_005846359.1		
OG0010709			XP_005846466.1		
OG0010710			XP_005846491.1		
OG0010711			XP_005846516.1		
OG0010712			XP_005846558.1		
OG0010713			XP_005846574.1		
OG0010714			XP_005846593.1		
OG0010715			XP_005846613.1		
OG0010716			XP_005846614.1		
OG0010717			XP_005846615.1		
OG0010718			XP_005846658.1		
OG0010719			XP_005846660.1		
OG0010720			XP_005846665.1		
OG0010721			XP_005846680.1		
OG0010722			XP_005846690.1		
OG0010723			XP_005846699.1		
OG0010724			XP_005846711.1		
OG0010725			XP_005846725.1		
OG0010726			XP_005846726.1		
OG0010727			XP_005846733.1		
OG0010728			XP_005846763.1		
OG0010729			XP_005846783.1		
OG0010730			XP_005846816.1		
OG0010731			XP_005846859.1		
OG0010732			XP_005846867.1		
OG0010733			XP_005846901.1		
OG0010734			XP_005846905.1		
OG0010735			XP_005846944.1		
OG0010736			XP_005847058.1		
OG0010737			XP_005847063.1		
OG0010738			XP_005847091.1		
OG0010739			XP_005847140.1		
OG0010740			XP_005847141.1		
OG0010741			XP_005847143.1		
OG0010742			XP_005847144.1		
OG0010743			XP_005847148.1		
OG0010744			XP_005847192.1		
OG0010745			XP_005847200.1		
OG0010746			XP_005847204.1		
OG0010747			XP_005847247.1		
OG0010748			XP_005847256.1		
OG0010749			XP_005847276.1		
OG0010750			XP_005847294.1		
OG0010751			XP_005847296.1		
OG0010752			XP_005847422.1		
OG0010753			XP_005847436.1		
OG0010754			XP_005847460.1		
OG0010755			XP_005847463.1		
OG0010756			XP_005847479.1		
OG0010757			XP_005847491.1		
OG0010758			XP_005847509.1		
OG0010759			XP_005847548.1		
OG0010760			XP_005847575.1		
OG0010761			XP_005847576.1		
OG0010762			XP_005847623.1		
OG0010763			XP_005847654.1		
OG0010764			XP_005847682.1		
OG0010765			XP_005847708.1		
OG0010766			XP_005847717.1		
OG0010767			XP_005847739.1		
OG0010768			XP_005847761.1		
OG0010769			XP_005847791.1		
OG0010770			XP_005847843.1		
OG0010771			XP_005847844.1		
OG0010772			XP_005847919.1		
OG0010773			XP_005848005.1		
OG0010774			XP_005848009.1		
OG0010775			XP_005848013.1		
OG0010776			XP_005848016.1		
OG0010777			XP_005848026.1		
OG0010778			XP_005848132.1		
OG0010779			XP_005848167.1		
OG0010780			XP_005848183.1		
OG0010781			XP_005848184.1		
OG0010782			XP_005848185.1		
OG0010783			XP_005848208.1		
OG0010784			XP_005848217.1		
OG0010785			XP_005848237.1		
OG0010786			XP_005848273.1		
OG0010787			XP_005848277.1		
OG0010788			XP_005848282.1		
OG0010789			XP_005848311.1		
OG0010790			XP_005848328.1		
OG0010791			XP_005848333.1		
OG0010792			XP_005848409.1		
OG0010793			XP_005848429.1		
OG0010794			XP_005848453.1		
OG0010795			XP_005848488.1		
OG0010796			XP_005848516.1		
OG0010797			XP_005848535.1		
OG0010798			XP_005848569.1		
OG0010799			XP_005848653.1		
OG0010800			XP_005848665.1		
OG0010801			XP_005848692.1		
OG0010802			XP_005848696.1		
OG0010803			XP_005848753.1		
OG0010804			XP_005848766.1		
OG0010805			XP_005848773.1		
OG0010806			XP_005848795.1		
OG0010807			XP_005848831.1		
OG0010808			XP_005848857.1		
OG0010809			XP_005848900.1		
OG0010810			XP_005848906.1		
OG0010811			XP_005848912.1		
OG0010812			XP_005848962.1		
OG0010813			XP_005848984.1		
OG0010814			XP_005849013.1		
OG0010815			XP_005849017.1		
OG0010816			XP_005849020.1		
OG0010817			XP_005849050.1		
OG0010818			XP_005849061.1		
OG0010819			XP_005849083.1		
OG0010820			XP_005849091.1		
OG0010821			XP_005849100.1		
OG0010822			XP_005849131.1		
OG0010823			XP_005849138.1		
OG0010824			XP_005849149.1		
OG0010825			XP_005849150.1		
OG0010826			XP_005849195.1		
OG0010827			XP_005849211.1		
OG0010828			XP_005849218.1		
OG0010829			XP_005849255.1		
OG0010830			XP_005849259.1		
OG0010831			XP_005849310.1		
OG0010832			XP_005849311.1		
OG0010833			XP_005849316.1		
OG0010834			XP_005849346.1		
OG0010835			XP_005849403.1		
OG0010836			XP_005849407.1		
OG0010837			XP_005849409.1		
OG0010838			XP_005849432.1		
OG0010839			XP_005849446.1		
OG0010840			XP_005849452.1		
OG0010841			XP_005849454.1		
OG0010842			XP_005849473.1		
OG0010843			XP_005849478.1		
OG0010844			XP_005849490.1		
OG0010845			XP_005849498.1		
OG0010846			XP_005849511.1		
OG0010847			XP_005849522.1		
OG0010848			XP_005849566.1		
OG0010849			XP_005849586.1		
OG0010850			XP_005849593.1		
OG0010851			XP_005849644.1		
OG0010852			XP_005849649.1		
OG0010853			XP_005849689.1		
OG0010854			XP_005849775.1		
OG0010855			XP_005849852.1		
OG0010856			XP_005849906.1		
OG0010857			XP_005849912.1		
OG0010858			XP_005849938.1		
OG0010859			XP_005849985.1		
OG0010860			XP_005849997.1		
OG0010861			XP_005850003.1		
OG0010862			XP_005850004.1		
OG0010863			XP_005850016.1		
OG0010864			XP_005850023.1		
OG0010865			XP_005850089.1		
OG0010866			XP_005850167.1		
OG0010867			XP_005850227.1		
OG0010868			XP_005850229.1		
OG0010869			XP_005850265.1		
OG0010870			XP_005850269.1		
OG0010871			XP_005850284.1		
OG0010872			XP_005850336.1		
OG0010873			XP_005850344.1		
OG0010874			XP_005850383.1		
OG0010875			XP_005850423.1		
OG0010876			XP_005850450.1		
OG0010877			XP_005850461.1		
OG0010878			XP_005850489.1		
OG0010879			XP_005850509.1		
OG0010880			XP_005850529.1		
OG0010881			XP_005850545.1		
OG0010882			XP_005850572.1		
OG0010883			XP_005850616.1		
OG0010884			XP_005850658.1		
OG0010885			XP_005850661.1		
OG0010886			XP_005850741.1		
OG0010887			XP_005850793.1		
OG0010888			XP_005850807.1		
OG0010889			XP_005850818.1		
OG0010890			XP_005850828.1		
OG0010891			XP_005850830.1		
OG0010892			XP_005850831.1		
OG0010893			XP_005850834.1		
OG0010894			XP_005850906.1		
OG0010895			XP_005850954.1		
OG0010896			XP_005851001.1		
OG0010897			XP_005851004.1		
OG0010898			XP_005851048.1		
OG0010899			XP_005851055.1		
OG0010900			XP_005851112.1		
OG0010901			XP_005851132.1		
OG0010902			XP_005851133.1		
OG0010903			XP_005851146.1		
OG0010904			XP_005851176.1		
OG0010905			XP_005851184.1		
OG0010906			XP_005851233.1		
OG0010907			XP_005851252.1		
OG0010908			XP_005851268.1		
OG0010909			XP_005851337.1		
OG0010910			XP_005851364.1		
OG0010911			XP_005851365.1		
OG0010912			XP_005851380.1		
OG0010913			XP_005851397.1		
OG0010914			XP_005851403.1		
OG0010915			XP_005851409.1		
OG0010916			XP_005851423.1		
OG0010917			XP_005851459.1		
OG0010918			XP_005851460.1		
OG0010919			XP_005851478.1		
OG0010920			XP_005851514.1		
OG0010921			XP_005851552.1		
OG0010922			XP_005851557.1		
OG0010923			XP_005851560.1		
OG0010924			XP_005851592.1		
OG0010925			XP_005851605.1		
OG0010926			XP_005851625.1		
OG0010927			XP_005851626.1		
OG0010928			XP_005851657.1		
OG0010929			XP_005851686.1		
OG0010930			XP_005851702.1		
OG0010931			XP_005851723.1		
OG0010932			XP_005851757.1		
OG0010933			XP_005851761.1		
OG0010934			XP_005851805.1		
OG0010935			XP_005851817.1		
OG0010936			XP_005851819.1		
OG0010937			XP_005851840.1		
OG0010938			XP_005851847.1		
OG0010939			XP_005851850.1		
OG0010940			XP_005851852.1		
OG0010941			XP_005851950.1		
OG0010942			XP_005851989.1		
OG0010943			XP_005852001.1		
OG0010944			XP_005852004.1		
OG0010945			XP_005852021.1		
OG0010946			XP_005852025.1		
OG0010947			XP_005852035.1		
OG0010948			XP_005852094.1		
OG0010949			XP_005852121.1		
OG0010950			XP_005852153.1		
OG0010951			XP_005852178.1		
OG0010952			XP_005852181.1		
OG0010953			XP_005852201.1		
OG0010954			XP_005852202.1		
OG0010955			XP_005852213.1		
OG0010956			XP_005852237.1		
OG0010957			XP_005852274.1		
OG0010958			XP_005852284.1		
OG0010959			XP_005852289.1		
OG0010960			XP_005852298.1		
OG0010961			XP_005852303.1		
OG0010962			XP_005852304.1		
OG0010963			XP_005852307.1		
OG0010964			YP_004347812.1		
OG0010965			YP_004347808.1		
OG0010966			YP_004347803.1		
OG0010967			YP_004347792.1		
OG0010968			YP_004347789.1		
OG0010969			YP_004347769.1		
OG0010970			YP_004347761.1		
OG0010971			YP_004347755.1		
OG0010972			YP_004347754.1		
OG0010973			YP_004347753.1		
OG0010974			YP_004347752.1		
OG0010975			YP_004347750.1		
OG0010976			YP_009094937.1		
OG0010977			YP_009094936.1		
OG0010978			YP_009094935.1		
OG0010979			YP_009094934.1		
OG0010980			YP_009094930.1		
OG0010981			YP_009094929.1		
OG0010982			YP_009094928.1		
OG0010983			YP_009094920.1		
OG0010984			YP_009094917.1		
OG0010985			YP_009094912.1		
OG0010986			YP_009094909.1		
OG0010987				KAI3423014.1	
OG0010988				KAI3423437.1	
OG0010989				KAI3423577.1	
OG0010990				KAI3423810.1	
OG0010991				KAI3423817.1	
OG0010992				KAI3423877.1	
OG0010993				KAI3423885.1	
OG0010994				KAI3423912.1	
OG0010995				KAI3423932.1	
OG0010996				KAI3423935.1	
OG0010997				KAI3423945.1	
OG0010998				KAI3423949.1	
OG0010999				KAI3423954.1	
OG0011000				KAI3423968.1	
OG0011001				KAI3423985.1	
OG0011002				KAI3424048.1	
OG0011003				KAI3424050.1	
OG0011004				KAI3424055.1	
OG0011005				KAI3424061.1	
OG0011006				KAI3424103.1	
OG0011007				KAI3424150.1	
OG0011008				KAI3424195.1	
OG0011009				KAI3424224.1	
OG0011010				KAI3424244.1	
OG0011011				KAI3424255.1	
OG0011012				KAI3424285.1	
OG0011013				KAI3424309.1	
OG0011014				KAI3424320.1	
OG0011015				KAI3424328.1	
OG0011016				KAI3424334.1	
OG0011017				KAI3424346.1	
OG0011018				KAI3424370.1	
OG0011019				KAI3424390.1	
OG0011020				KAI3424391.1	
OG0011021				KAI3424392.1	
OG0011022				KAI3424393.1	
OG0011023				KAI3424407.1	
OG0011024				KAI3424409.1	
OG0011025				KAI3424444.1	
OG0011026				KAI3424450.1	
OG0011027				KAI3424471.1	
OG0011028				KAI3424751.1	
OG0011029				KAI3424752.1	
OG0011030				KAI3424758.1	
OG0011031				KAI3424783.1	
OG0011032				KAI3424791.1	
OG0011033				KAI3424833.1	
OG0011034				KAI3424839.1	
OG0011035				KAI3424854.1	
OG0011036				KAI3424872.1	
OG0011037				KAI3424888.1	
OG0011038				KAI3424974.1	
OG0011039				KAI3425017.1	
OG0011040				KAI3425040.1	
OG0011041				KAI3425053.1	
OG0011042				KAI3425081.1	
OG0011043				KAI3425093.1	
OG0011044				KAI3425120.1	
OG0011045				KAI3425129.1	
OG0011046				KAI3425135.1	
OG0011047				KAI3425148.1	
OG0011048				KAI3425187.1	
OG0011049				KAI3425188.1	
OG0011050				KAI3425194.1	
OG0011051				KAI3425197.1	
OG0011052				KAI3425210.1	
OG0011053				KAI3425211.1	
OG0011054				KAI3425216.1	
OG0011055				KAI3425233.1	
OG0011056				KAI3425250.1	
OG0011057				KAI3425265.1	
OG0011058				KAI3425269.1	
OG0011059				KAI3425275.1	
OG0011060				KAI3425289.1	
OG0011061				KAI3425311.1	
OG0011062				KAI3425335.1	
OG0011063				KAI3425359.1	
OG0011064				KAI3425706.1	
OG0011065				KAI3425707.1	
OG0011066				KAI3425716.1	
OG0011067				KAI3425717.1	
OG0011068				KAI3425723.1	
OG0011069				KAI3425751.1	
OG0011070				KAI3425756.1	
OG0011071				KAI3425768.1	
OG0011072				KAI3425769.1	
OG0011073				KAI3425802.1	
OG0011074				KAI3425810.1	
OG0011075				KAI3425816.1	
OG0011076				KAI3425818.1	
OG0011077				KAI3425866.1	
OG0011078				KAI3425879.1	
OG0011079				KAI3425928.1	
OG0011080				KAI3425932.1	
OG0011081				KAI3425937.1	
OG0011082				KAI3425938.1	
OG0011083				KAI3425950.1	
OG0011084				KAI3425990.1	
OG0011085				KAI3426002.1	
OG0011086				KAI3426003.1	
OG0011087				KAI3426020.1	
OG0011088				KAI3426023.1	
OG0011089				KAI3426025.1	
OG0011090				KAI3426034.1	
OG0011091				KAI3426040.1	
OG0011092				KAI3426042.1	
OG0011093				KAI3426048.1	
OG0011094				KAI3426115.1	
OG0011095				KAI3426125.1	
OG0011096				KAI3426126.1	
OG0011097				KAI3426135.1	
OG0011098				KAI3426137.1	
OG0011099				KAI3426250.1	
OG0011100				KAI3426261.1	
OG0011101				KAI3426285.1	
OG0011102				KAI3426287.1	
OG0011103				KAI3426331.1	
OG0011104				KAI3426350.1	
OG0011105				KAI3426355.1	
OG0011106				KAI3426368.1	
OG0011107				KAI3426386.1	
OG0011108				KAI3426418.1	
OG0011109				KAI3426471.1	
OG0011110				KAI3426483.1	
OG0011111				KAI3426487.1	
OG0011112				KAI3426506.1	
OG0011113				KAI3426853.1	
OG0011114				KAI3426858.1	
OG0011115				KAI3426868.1	
OG0011116				KAI3426878.1	
OG0011117				KAI3426894.1	
OG0011118				KAI3426895.1	
OG0011119				KAI3426920.1	
OG0011120				KAI3426921.1	
OG0011121				KAI3426932.1	
OG0011122				KAI3426978.1	
OG0011123				KAI3426980.1	
OG0011124				KAI3427002.1	
OG0011125				KAI3427003.1	
OG0011126				KAI3427049.1	
OG0011127				KAI3427064.1	
OG0011128				KAI3427075.1	
OG0011129				KAI3427079.1	
OG0011130				KAI3427080.1	
OG0011131				KAI3427081.1	
OG0011132				KAI3427100.1	
OG0011133				KAI3427136.1	
OG0011134				KAI3427148.1	
OG0011135				KAI3427159.1	
OG0011136				KAI3427217.1	
OG0011137				KAI3427225.1	
OG0011138				KAI3427241.1	
OG0011139				KAI3427251.1	
OG0011140				KAI3427358.1	
OG0011141				KAI3427362.1	
OG0011142				KAI3427368.1	
OG0011143				KAI3427379.1	
OG0011144				KAI3427392.1	
OG0011145				KAI3427422.1	
OG0011146				KAI3427917.1	
OG0011147				KAI3427936.1	
OG0011148				KAI3427973.1	
OG0011149				KAI3428003.1	
OG0011150				KAI3428004.1	
OG0011151				KAI3428033.1	
OG0011152				KAI3428048.1	
OG0011153				KAI3428054.1	
OG0011154				KAI3428062.1	
OG0011155				KAI3428116.1	
OG0011156				KAI3428128.1	
OG0011157				KAI3428189.1	
OG0011158				KAI3428190.1	
OG0011159				KAI3428199.1	
OG0011160				KAI3428242.1	
OG0011161				KAI3428418.1	
OG0011162				KAI3428426.1	
OG0011163				KAI3428428.1	
OG0011164				KAI3428434.1	
OG0011165				KAI3428466.1	
OG0011166				KAI3428501.1	
OG0011167				KAI3428545.1	
OG0011168				KAI3428560.1	
OG0011169				KAI3428566.1	
OG0011170				KAI3428604.1	
OG0011171				KAI3428618.1	
OG0011172				KAI3428660.1	
OG0011173				KAI3428725.1	
OG0011174				KAI3428760.1	
OG0011175				KAI3428798.1	
OG0011176				KAI3428814.1	
OG0011177				KAI3428824.1	
OG0011178				KAI3429228.1	
OG0011179				KAI3429234.1	
OG0011180				KAI3429260.1	
OG0011181				KAI3429273.1	
OG0011182				KAI3429287.1	
OG0011183				KAI3429329.1	
OG0011184				KAI3429330.1	
OG0011185				KAI3429331.1	
OG0011186				KAI3429338.1	
OG0011187				KAI3429402.1	
OG0011188				KAI3429411.1	
OG0011189				KAI3429428.1	
OG0011190				KAI3429430.1	
OG0011191				KAI3429476.1	
OG0011192				KAI3429477.1	
OG0011193				KAI3429493.1	
OG0011194				KAI3429515.1	
OG0011195				KAI3429546.1	
OG0011196				KAI3429549.1	
OG0011197				KAI3429577.1	
OG0011198				KAI3429591.1	
OG0011199				KAI3429621.1	
OG0011200				KAI3429623.1	
OG0011201				KAI3429625.1	
OG0011202				KAI3429649.1	
OG0011203				KAI3429663.1	
OG0011204				KAI3429696.1	
OG0011205				KAI3429745.1	
OG0011206				KAI3429747.1	
OG0011207				KAI3429748.1	
OG0011208				KAI3429767.1	
OG0011209				KAI3429776.1	
OG0011210				KAI3429794.1	
OG0011211				KAI3429825.1	
OG0011212				KAI3429857.1	
OG0011213				KAI3429863.1	
OG0011214				KAI3429864.1	
OG0011215				KAI3429896.1	
OG0011216				KAI3429903.1	
OG0011217				KAI3430261.1	
OG0011218				KAI3430295.1	
OG0011219				KAI3430303.1	
OG0011220				KAI3430317.1	
OG0011221				KAI3430329.1	
OG0011222				KAI3430337.1	
OG0011223				KAI3430338.1	
OG0011224				KAI3430339.1	
OG0011225				KAI3430357.1	
OG0011226				KAI3430360.1	
OG0011227				KAI3430385.1	
OG0011228				KAI3430393.1	
OG0011229				KAI3430394.1	
OG0011230				KAI3430430.1	
OG0011231				KAI3430486.1	
OG0011232				KAI3430503.1	
OG0011233				KAI3430529.1	
OG0011234				KAI3430562.1	
OG0011235				KAI3430568.1	
OG0011236				KAI3430571.1	
OG0011237				KAI3430604.1	
OG0011238				KAI3430662.1	
OG0011239				KAI3430664.1	
OG0011240				KAI3430686.1	
OG0011241				KAI3430747.1	
OG0011242				KAI3430781.1	
OG0011243				KAI3430789.1	
OG0011244				KAI3430798.1	
OG0011245				KAI3430800.1	
OG0011246				KAI3430810.1	
OG0011247				KAI3430862.1	
OG0011248				KAI3430877.1	
OG0011249				KAI3431262.1	
OG0011250				KAI3431300.1	
OG0011251				KAI3431305.1	
OG0011252				KAI3431322.1	
OG0011253				KAI3431331.1	
OG0011254				KAI3431333.1	
OG0011255				KAI3431336.1	
OG0011256				KAI3431404.1	
OG0011257				KAI3431462.1	
OG0011258				KAI3431484.1	
OG0011259				KAI3431492.1	
OG0011260				KAI3431508.1	
OG0011261				KAI3431514.1	
OG0011262				KAI3431522.1	
OG0011263				KAI3431533.1	
OG0011264				KAI3431534.1	
OG0011265				KAI3431549.1	
OG0011266				KAI3431598.1	
OG0011267				KAI3431600.1	
OG0011268				KAI3431606.1	
OG0011269				KAI3431617.1	
OG0011270				KAI3431635.1	
OG0011271				KAI3431682.1	
OG0011272				KAI3431701.1	
OG0011273				KAI3431702.1	
OG0011274				KAI3431717.1	
OG0011275				KAI3431734.1	
OG0011276				KAI3431780.1	
OG0011277				KAI3431791.1	
OG0011278				KAI3431794.1	
OG0011279				KAI3431795.1	
OG0011280				KAI3431815.1	
OG0011281				KAI3432243.1	
OG0011282				KAI3432279.1	
OG0011283				KAI3432280.1	
OG0011284				KAI3432287.1	
OG0011285				KAI3432301.1	
OG0011286				KAI3432310.1	
OG0011287				KAI3432313.1	
OG0011288				KAI3432322.1	
OG0011289				KAI3432359.1	
OG0011290				KAI3432395.1	
OG0011291				KAI3432400.1	
OG0011292				KAI3432410.1	
OG0011293				KAI3432428.1	
OG0011294				KAI3432452.1	
OG0011295				KAI3432479.1	
OG0011296				KAI3432480.1	
OG0011297				KAI3432481.1	
OG0011298				KAI3432482.1	
OG0011299				KAI3432483.1	
OG0011300				KAI3432484.1	
OG0011301				KAI3432485.1	
OG0011302				KAI3432487.1	
OG0011303				KAI3432488.1	
OG0011304				KAI3432489.1	
OG0011305				KAI3432490.1	
OG0011306				KAI3432491.1	
OG0011307				KAI3432492.1	
OG0011308				KAI3432493.1	
OG0011309				KAI3432494.1	
OG0011310				KAI3432495.1	
OG0011311				KAI3432496.1	
OG0011312				KAI3432497.1	
OG0011313				KAI3432498.1	
OG0011314				KAI3432499.1	
OG0011315				KAI3432500.1	
OG0011316				KAI3432501.1	
OG0011317				KAI3432502.1	
OG0011318				KAI3432503.1	
OG0011319				KAI3432504.1	
OG0011320				KAI3432506.1	
OG0011321				KAI3432507.1	
OG0011322				KAI3432508.1	
OG0011323				KAI3432509.1	
OG0011324				KAI3432510.1	
OG0011325				KAI3432511.1	
OG0011326				KAI3432512.1	
OG0011327				KAI3432513.1	
OG0011328				KAI3432515.1	
OG0011329				KAI3432516.1	
OG0011330				KAI3432517.1	
OG0011331				KAI3432518.1	
OG0011332				KAI3432519.1	
OG0011333				KAI3432520.1	
OG0011334				KAI3432521.1	
OG0011335				KAI3432522.1	
OG0011336				KAI3432523.1	
OG0011337				KAI3432524.1	
OG0011338				KAI3432525.1	
OG0011339				KAI3432526.1	
OG0011340				KAI3432527.1	
OG0011341				KAI3432528.1	
OG0011342				KAI3432529.1	
OG0011343				KAI3432530.1	
OG0011344				KAI3432531.1	
OG0011345				KAI3432533.1	
OG0011346				KAI3432534.1	
OG0011347				KAI3432535.1	
OG0011348				KAI3432536.1	
OG0011349				KAI3432537.1	
OG0011350				KAI3432538.1	
OG0011351				KAI3432539.1	
OG0011352				KAI3432540.1	
OG0011353				KAI3432541.1	
OG0011354				KAI3432542.1	
OG0011355				KAI3432543.1	
OG0011356				KAI3432544.1	
OG0011357				KAI3432545.1	
OG0011358				KAI3432546.1	
OG0011359				KAI3432547.1	
OG0011360				KAI3432548.1	
OG0011361				KAI3432549.1	
OG0011362				KAI3432551.1	
OG0011363				KAI3432552.1	
OG0011364				KAI3432553.1	
OG0011365				KAI3432554.1	
OG0011366				KAI3432555.1	
OG0011367				KAI3432556.1	
OG0011368				KAI3432557.1	
OG0011369				KAI3432558.1	
OG0011370				KAI3432559.1	
OG0011371				KAI3432565.1	
OG0011372				KAI3432567.1	
OG0011373				KAI3432576.1	
OG0011374				KAI3432578.1	
OG0011375				KAI3432613.1	
OG0011376				KAI3432622.1	
OG0011377				KAI3432630.1	
OG0011378				KAI3432631.1	
OG0011379				KAI3432633.1	
OG0011380				KAI3432669.1	
OG0011381				KAI3432679.1	
OG0011382				KAI3432687.1	
OG0011383				KAI3432714.1	
OG0011384				KAI3432716.1	
OG0011385				KAI3432733.1	
OG0011386				KAI3432744.1	
OG0011387				KAI3432745.1	
OG0011388				KAI3432749.1	
OG0011389				KAI3432755.1	
OG0011390				KAI3432762.1	
OG0011391				KAI3432769.1	
OG0011392				KAI3432786.1	
OG0011393				KAI3432791.1	
OG0011394				KAI3432829.1	
OG0011395				KAI3433302.1	
OG0011396				KAI3433305.1	
OG0011397				KAI3433345.1	
OG0011398				KAI3433363.1	
OG0011399				KAI3433364.1	
OG0011400				KAI3433367.1	
OG0011401				KAI3433386.1	
OG0011402				KAI3433471.1	
OG0011403				KAI3433492.1	
OG0011404				KAI3433514.1	
OG0011405				KAI3433537.1	
OG0011406				KAI3433547.1	
OG0011407				KAI3433578.1	
OG0011408				KAI3433662.1	
OG0011409				KAI3433664.1	
OG0011410				KAI3433669.1	
OG0011411				KAI3433702.1	
OG0011412				KAI3433738.1	
OG0011413				KAI3433783.1	
OG0011414				KAI3433831.1	
OG0011415				KAI3433847.1	
OG0011416				KAI3433893.1	
OG0011417				KAI3433895.1	
OG0011418				KAI3433965.1	
OG0011419				KAI3433966.1	
OG0011420				KAI3434363.1	
OG0011421				KAI3434390.1	
OG0011422				KAI3434391.1	
OG0011423				KAI3434411.1	
OG0011424				KAI3434436.1	
OG0011425				KAI3434438.1	
OG0011426				KAI3434448.1	
OG0011427				KAI3434458.1	
OG0011428				KAI3434479.1	
OG0011429				KAI3434480.1	
OG0011430				KAI3434523.1	
OG0011431				KAI3434524.1	
OG0011432				KAI3434544.1	
OG0011433				KAI3434554.1	
OG0011434				KAI3434556.1	
OG0011435				KAI3434592.1	
OG0011436				KAI3434594.1	
OG0011437				KAI3434595.1	
OG0011438				KAI3434605.1	
OG0011439				KAI3434606.1	
OG0011440				KAI3434611.1	
OG0011441				KAI3434618.1	
OG0011442				KAI3434645.1	
OG0011443				KAI3434666.1	
OG0011444				KAI3434719.1	
OG0011445				KAI3434729.1	
OG0011446				KAI3434743.1	
OG0011447				KAI3434758.1	
OG0011448				KAI3434765.1	
OG0011449				KAI3434766.1	
OG0011450				KAI3434767.1	
OG0011451				KAI3434769.1	
OG0011452				KAI3434772.1	
OG0011453				KAI3434809.1	
OG0011454				KAI3434823.1	
OG0011455				KAI3434825.1	
OG0011456				KAI3434862.1	
OG0011457				KAI3434881.1	
OG0011458				KAI3434906.1	
OG0011459				KAI3434934.1	
OG0011460				KAI3434949.1	
OG0011461				KAI3434955.1	
OG0011462				KAI3434961.1	
OG0011463				KAI3434993.1	
OG0011464				KAI3435486.1	
OG0011465				KAI3435527.1	
OG0011466				KAI3435639.1	
OG0011467				KAI3435661.1	
OG0011468				KAI3435669.1	
OG0011469				KAI3435696.1	
OG0011470				KAI3435697.1	
OG0011471				KAI3435713.1	
OG0011472				KAI3435720.1	
OG0011473				KAI3435723.1	
OG0011474				KAI3435726.1	
OG0011475				KAI3435749.1	
OG0011476				KAI3435761.1	
OG0011477				KAI3435765.1	
OG0011478				KAI3435792.1	
OG0011479				KAI3435876.1	
OG0011480				KAI3435976.1	
OG0011481				KAI3435977.1	
OG0011482				KAI3435983.1	
OG0011483				KAI3435988.1	
OG0011484				KAI3436030.1	
OG0011485				KAI3436084.1	
OG0011486				KAI3436135.1	
OG0011487				KAI3436151.1	
OG0011488				KAI3436219.1	
OG0011489				KAI3436250.1	
OG0011490				KAI3436263.1	
OG0011491				KAI3436306.1	
OG0011492				KAI3436334.1	
OG0011493				KAI3436341.1	
OG0011494				KAI3436346.1	
OG0011495				KAI3436352.1	
OG0011496				KAI3436386.1	
OG0011497				KAI3436391.1	
OG0011498				KAI3436400.1	
OG0011499				KAI3436407.1	
OG0011500				KAI3436431.1	
OG0011501				KAI3436446.1	
OG0011502				KAI3436453.1	
OG0011503				KAI3436455.1	
OG0011504				KAI3436465.1	
OG0011505				KAI3436486.1	
OG0011506				KAI3436490.1	
OG0011507				KAI3436507.1	
OG0011508				KAI3436515.1	
OG0011509				KAI3436517.1	
OG0011510				KAI3436538.1	
OG0011511				KAI3436573.1	
OG0011512				KAI3436607.1	
OG0011513				KAI3436659.1	
OG0011514				KAI3436705.1	
OG0011515				KAI3436716.1	
OG0011516				KAI3436753.1	
OG0011517				KAI3436775.1	
OG0011518				KAI3436840.1	
OG0011519				KAI3436860.1	
OG0011520				KAI3436877.1	
OG0011521				KAI3436893.1	
OG0011522				KAI3437553.1	
OG0011523				KAI3437564.1	
OG0011524				KAI3437582.1	
OG0011525				KAI3437607.1	
OG0011526				KAI3437609.1	
OG0011527				KAI3437634.1	
OG0011528				KAI3437639.1	
OG0011529				KAI3437655.1	
OG0011530				KAI3437657.1	
OG0011531				KAI3437669.1	
OG0011532				KAI3437688.1	
OG0011533				KAI3437710.1	
OG0011534				KAI3437725.1	
OG0011535				KAI3437740.1	
OG0011536				KAI3437741.1	
OG0011537				KAI3437799.1	
OG0011538				KAI3437825.1	
OG0011539				KAI3437826.1	
OG0011540				KAI3437900.1	
OG0011541				KAI3437985.1	
OG0011542				KAI3437992.1	
OG0011543				KAI3437993.1	
OG0011544				KAI3438001.1	
OG0011545				KAI3438031.1	
OG0011546				KAI3438033.1	
OG0011547				KAI3438147.1	
OG0011548				KAI3438149.1	
OG0011549				KAI3438194.1	
OG0011550				KAI3438220.1	
OG0011551				KAI3438314.1	
OG0011552				KAI3438318.1	
OG0011553				KAI3438377.1	
OG0011554				KAI3438383.1	
OG0011555				KAI3438456.1	
OG0011556				KAI3438457.1	
OG0011557				KAI3438464.1	
OG0011558				KAI3438468.1	
OG0011559				KAI3438558.1	
OG0011560				KAI3438654.1	
OG0011561				KAI3438684.1	
OG0011562				KAI3438758.1	
OG0011563				KAI3438785.1	
OG0011564				KAI3438794.1	
OG0011565				KAI3438804.1	
OG0011566				KAI3438824.1	
OG0011567				KAI3438837.1	
OG0011568				KAI3438840.1	
OG0011569				KAI3438857.1	
OG0011570				KAI3438858.1	
OG0011571				KAI3438859.1	
OG0011572				KAI3438860.1	
OG0011573				KAI3438863.1	
OG0011574				KAI3438871.1	
OG0011575				KAI3438875.1	
OG0011576				KAI3438876.1	
OG0011577				KAI3438914.1	
OG0011578				KAI3438940.1	
OG0011579				KAI3438952.1	
OG0011580				KAI3439004.1	
OG0011581				KAI3439010.1	
OG0011582				KAI3439012.1	
OG0011583				KAI3439063.1	
OG0011584				KAI3439069.1	
OG0011585				KAI3439083.1	
OG0011586				KAI3439099.1	
OG0011587				KAI3439101.1	
OG0011588				KAI3439116.1	
OG0011589				KAI3439120.1	
OG0011590				KAI3439140.1	
OG0011591					PSC67083.1
OG0011592					PSC67133.1
OG0011593					PSC67138.1
OG0011594					PSC67160.1
OG0011595					PSC67182.1
OG0011596					PSC67190.1
OG0011597					PSC67256.1
OG0011598					PSC67268.1
OG0011599					PSC67271.1
OG0011600					PSC67288.1
OG0011601					PSC67304.1
OG0011602					PSC67325.1
OG0011603					PSC67332.1
OG0011604					PSC67339.1
OG0011605					PSC67401.1
OG0011606					PSC67402.1
OG0011607					PSC67408.1
OG0011608					PSC67412.1
OG0011609					PSC67432.1
OG0011610					PSC67457.1
OG0011611					PSC67473.1
OG0011612					PSC67513.1
OG0011613					PSC67514.1
OG0011614					PSC67521.1
OG0011615					PSC67523.1
OG0011616					PSC67572.1
OG0011617					PSC67629.1
OG0011618					PSC67697.1
OG0011619					PSC67703.1
OG0011620					PSC67742.1
OG0011621					PSC67749.1
OG0011622					PSC67752.1
OG0011623					PSC67753.1
OG0011624					PSC67776.1
OG0011625					PSC67788.1
OG0011626					PSC67799.1
OG0011627					PSC67809.1
OG0011628					PSC67821.1
OG0011629					PSC67873.1
OG0011630					PSC67920.1
OG0011631					PSC67967.1
OG0011632					PSC67977.1
OG0011633					PSC68003.1
OG0011634					PSC68024.1
OG0011635					PSC68033.1
OG0011636					PSC68047.1
OG0011637					PSC68093.1
OG0011638					PSC68126.1
OG0011639					PSC68135.1
OG0011640					PSC68137.1
OG0011641					PSC68139.1
OG0011642					PSC68156.1
OG0011643					PSC68181.1
OG0011644					PSC68211.1
OG0011645					PSC68213.1
OG0011646					PSC68255.1
OG0011647					PSC68289.1
OG0011648					PSC68302.1
OG0011649					PSC68337.1
OG0011650					PSC68354.1
OG0011651					PSC68362.1
OG0011652					PSC68397.1
OG0011653					PSC68433.1
OG0011654					PSC68440.1
OG0011655					PSC68477.1
OG0011656					PSC68499.1
OG0011657					PSC68520.1
OG0011658					PSC68523.1
OG0011659					PSC68538.1
OG0011660					PSC68563.1
OG0011661					PSC68589.1
OG0011662					PSC68600.1
OG0011663					PSC68637.1
OG0011664					PSC68641.1
OG0011665					PSC68673.1
OG0011666					PSC68690.1
OG0011667					PSC68710.1
OG0011668					PSC68722.1
OG0011669					PSC68724.1
OG0011670					PSC68741.1
OG0011671					PSC68770.1
OG0011672					PSC68772.1
OG0011673					PSC68776.1
OG0011674					PSC68778.1
OG0011675					PSC68779.1
OG0011676					PSC68786.1
OG0011677					PSC68792.1
OG0011678					PSC68803.1
OG0011679					PSC68811.1
OG0011680					PSC68834.1
OG0011681					PSC68976.1
OG0011682					PSC69037.1
OG0011683					PSC69038.1
OG0011684					PSC69097.1
OG0011685					PSC69105.1
OG0011686					PSC69153.1
OG0011687					PSC69183.1
OG0011688					PSC69184.1
OG0011689					PSC69234.1
OG0011690					PSC69262.1
OG0011691					PSC69320.1
OG0011692					PSC69347.1
OG0011693					PSC69394.1
OG0011694					PSC69410.1
OG0011695					PSC69421.1
OG0011696					PSC69424.1
OG0011697					PSC69442.1
OG0011698					PSC69460.1
OG0011699					PSC69465.1
OG0011700					PSC69504.1
OG0011701					PSC69511.1
OG0011702					PSC69512.1
OG0011703					PSC69543.1
OG0011704					PSC69551.1
OG0011705					PSC69553.1
OG0011706					PSC69641.1
OG0011707					PSC69657.1
OG0011708					PSC69675.1
OG0011709					PSC69694.1
OG0011710					PSC69705.1
OG0011711					PSC69753.1
OG0011712					PSC69891.1
OG0011713					PSC69913.1
OG0011714					PSC69917.1
OG0011715					PSC69925.1
OG0011716					PSC69928.1
OG0011717					PSC69932.1
OG0011718					PSC69934.1
OG0011719					PSC70008.1
OG0011720					PSC70027.1
OG0011721					PSC70044.1
OG0011722					PSC70065.1
OG0011723					PSC70067.1
OG0011724					PSC70081.1
OG0011725					PSC70084.1
OG0011726					PSC70118.1
OG0011727					PSC70119.1
OG0011728					PSC70120.1
OG0011729					PSC70129.1
OG0011730					PSC70133.1
OG0011731					PSC70135.1
OG0011732					PSC70143.1
OG0011733					PSC70234.1
OG0011734					PSC70240.1
OG0011735					PSC70241.1
OG0011736					PSC70254.1
OG0011737					PSC70262.1
OG0011738					PSC70265.1
OG0011739					PSC70343.1
OG0011740					PSC70359.1
OG0011741					PSC70366.1
OG0011742					PSC70442.1
OG0011743					PSC70450.1
OG0011744					PSC70461.1
OG0011745					PSC70471.1
OG0011746					PSC70522.1
OG0011747					PSC70535.1
OG0011748					PSC70538.1
OG0011749					PSC70557.1
OG0011750					PSC70560.1
OG0011751					PSC70575.1
OG0011752					PSC70616.1
OG0011753					PSC70650.1
OG0011754					PSC70660.1
OG0011755					PSC70669.1
OG0011756					PSC70719.1
OG0011757					PSC70722.1
OG0011758					PSC70831.1
OG0011759					PSC70839.1
OG0011760					PSC70840.1
OG0011761					PSC70846.1
OG0011762					PSC70917.1
OG0011763					PSC70923.1
OG0011764					PSC70949.1
OG0011765					PSC70958.1
OG0011766					PSC70959.1
OG0011767					PSC70964.1
OG0011768					PSC70969.1
OG0011769					PSC70990.1
OG0011770					PSC71003.1
OG0011771					PSC71247.1
OG0011772					PSC71261.1
OG0011773					PSC71280.1
OG0011774					PSC71319.1
OG0011775					PSC71325.1
OG0011776					PSC71327.1
OG0011777					PSC71342.1
OG0011778					PSC71388.1
OG0011779					PSC71412.1
OG0011780					PSC71435.1
OG0011781					PSC71449.1
OG0011782					PSC71480.1
OG0011783					PSC71511.1
OG0011784					PSC71582.1
OG0011785					PSC71585.1
OG0011786					PSC71642.1
OG0011787					PSC71650.1
OG0011788					PSC71661.1
OG0011789					PSC71751.1
OG0011790					PSC71753.1
OG0011791					PSC71776.1
OG0011792					PSC71784.1
OG0011793					PSC71801.1
OG0011794					PSC71808.1
OG0011795					PSC71832.1
OG0011796					PSC71835.1
OG0011797					PSC71893.1
OG0011798					PSC71909.1
OG0011799					PSC71915.1
OG0011800					PSC71928.1
OG0011801					PSC71956.1
OG0011802					PSC71966.1
OG0011803					PSC71981.1
OG0011804					PSC71987.1
OG0011805					PSC72027.1
OG0011806					PSC72103.1
OG0011807					PSC72117.1
OG0011808					PSC72130.1
OG0011809					PSC72165.1
OG0011810					PSC72221.1
OG0011811					PSC72229.1
OG0011812					PSC72252.1
OG0011813					PSC72282.1
OG0011814					PSC72348.1
OG0011815					PSC72363.1
OG0011816					PSC72374.1
OG0011817					PSC72386.1
OG0011818					PSC72388.1
OG0011819					PSC72389.1
OG0011820					PSC72401.1
OG0011821					PSC72519.1
OG0011822					PSC72535.1
OG0011823					PSC72541.1
OG0011824					PSC72555.1
OG0011825					PSC72557.1
OG0011826					PSC72576.1
OG0011827					PSC72586.1
OG0011828					PSC72596.1
OG0011829					PSC72615.1
OG0011830					PSC72622.1
OG0011831					PSC72634.1
OG0011832					PSC72635.1
OG0011833					PSC72639.1
OG0011834					PSC72644.1
OG0011835					PSC72684.1
OG0011836					PSC72686.1
OG0011837					PSC72720.1
OG0011838					PSC72726.1
OG0011839					PSC72755.1
OG0011840					PSC72875.1
OG0011841					PSC72891.1
OG0011842					PSC72952.1
OG0011843					PSC72971.1
OG0011844					PSC72975.1
OG0011845					PSC72979.1
OG0011846					PSC72996.1
OG0011847					PSC73007.1
OG0011848					PSC73009.1
OG0011849					PSC73037.1
OG0011850					PSC73073.1
OG0011851					PSC73124.1
OG0011852					PSC73127.1
OG0011853					PSC73172.1
OG0011854					PSC73185.1
OG0011855					PSC73228.1
OG0011856					PSC73246.1
OG0011857					PSC73247.1
OG0011858					PSC73249.1
OG0011859					PSC73323.1
OG0011860					PSC73348.1
OG0011861					PSC73351.1
OG0011862					PSC73377.1
OG0011863					PSC73414.1
OG0011864					PSC73430.1
OG0011865					PSC73452.1
OG0011866					PSC73459.1
OG0011867					PSC73473.1
OG0011868					PSC73493.1
OG0011869					PSC73545.1
OG0011870					PSC73560.1
OG0011871					PSC73592.1
OG0011872					PSC73723.1
OG0011873					PSC73743.1
OG0011874					PSC73813.1
OG0011875					PSC73837.1
OG0011876					PSC73873.1
OG0011877					PSC73906.1
OG0011878					PSC73951.1
OG0011879					PSC73965.1
OG0011880					PSC73966.1
OG0011881					PSC74021.1
OG0011882					PSC74025.1
OG0011883					PSC74039.1
OG0011884					PSC74056.1
OG0011885					PSC74067.1
OG0011886					PSC74073.1
OG0011887					PSC74100.1
OG0011888					PSC74104.1
OG0011889					PSC74113.1
OG0011890					PSC74177.1
OG0011891					PSC74191.1
OG0011892					PSC74196.1
OG0011893					PSC74255.1
OG0011894					PSC74268.1
OG0011895					PSC74269.1
OG0011896					PSC74335.1
OG0011897					PSC74337.1
OG0011898					PSC74342.1
OG0011899					PSC74378.1
OG0011900					PSC74390.1
OG0011901					PSC74400.1
OG0011902					PSC74421.1
OG0011903					PSC74448.1
OG0011904					PSC74451.1
OG0011905					PSC74462.1
OG0011906					PSC74477.1
OG0011907					PSC74493.1
OG0011908					PSC74494.1
OG0011909					PSC74495.1
OG0011910					PSC74523.1
OG0011911					PSC74532.1
OG0011912					PSC74537.1
OG0011913					PSC74538.1
OG0011914					PSC74548.1
OG0011915					PSC74557.1
OG0011916					PSC74580.1
OG0011917					PSC74595.1
OG0011918					PSC74604.1
OG0011919					PSC74605.1
OG0011920					PSC74616.1
OG0011921					PSC74618.1
OG0011922					PSC74622.1
OG0011923					PSC74640.1
OG0011924					PSC74645.1
OG0011925					PSC74654.1
OG0011926					PSC74661.1
OG0011927					PSC74711.1
OG0011928					PSC74753.1
OG0011929					PSC74759.1
OG0011930					PSC74766.1
OG0011931					PSC74774.1
OG0011932					PSC74842.1
OG0011933					PSC74851.1
OG0011934					PSC74862.1
OG0011935					PSC74902.1
OG0011936					PSC74987.1
OG0011937					PSC75004.1
OG0011938					PSC75023.1
OG0011939					PSC75063.1
OG0011940					PSC75068.1
OG0011941					PSC75115.1
OG0011942					PSC75120.1
OG0011943					PSC75121.1
OG0011944					PSC75150.1
OG0011945					PSC75153.1
OG0011946					PSC75182.1
OG0011947					PSC75195.1
OG0011948					PSC75202.1
OG0011949					PSC75235.1
OG0011950					PSC75284.1
OG0011951					PSC75307.1
OG0011952					PSC75357.1
OG0011953					PSC75360.1
OG0011954					PSC75372.1
OG0011955					PSC75393.1
OG0011956					PSC75433.1
OG0011957					PSC75465.1
OG0011958					PSC75471.1
OG0011959					PSC75487.1
OG0011960					PSC75574.1
OG0011961					PSC75589.1
OG0011962					PSC75604.1
OG0011963					PSC75616.1
OG0011964					PSC75648.1
OG0011965					PSC75667.1
OG0011966					PSC75679.1
OG0011967					PSC75694.1
OG0011968					PSC75717.1
OG0011969					PSC75720.1
OG0011970					PSC75734.1
OG0011971					PSC75741.1
OG0011972					PSC75745.1
OG0011973					PSC75764.1
OG0011974					PSC75790.1
OG0011975					PSC75834.1
OG0011976					PSC75838.1
OG0011977					PSC75845.1
OG0011978					PSC75891.1
OG0011979					PSC75897.1
OG0011980					PSC75908.1
OG0011981					PSC75911.1
OG0011982					PSC75920.1
OG0011983					PSC75924.1
OG0011984					PSC75953.1
OG0011985					PSC75957.1
OG0011986					PSC76009.1
OG0011987					PSC76024.1
OG0011988					PSC76040.1
OG0011989					PSC76083.1
OG0011990					PSC76103.1
OG0011991					PSC76123.1
OG0011992					PSC76220.1
OG0011993					PSC76260.1
OG0011994					PSC76265.1
OG0011995					PSC76283.1
OG0011996					PSC76304.1
OG0011997					PSC76308.1
OG0011998					PSC76317.1
OG0011999					PSC76329.1
OG0012000					PSC76456.1
OG0012001					PSC76485.1
OG0012002					PSC76486.1
OG0012003					PSC76544.1
OG0012004					PSC76555.1
OG0012005					PSC76559.1
OG0012006					PSC76584.1
OG0012007					PSC76588.1
OG0012008					PSC76589.1
OG0012009					PSC76630.1
OG0012010					PSC76657.1
OG0012011					PSC76659.1
OG0012012					PSC76692.1
OG0012013					PSC76699.1
OG0012014					PSC76729.1
OG0012015					PSC76733.1
OG0012016					PSC76782.1
OG0012017					PSC76817.1
OG0012018					PSC76823.1
OG0012019					PSC76856.1
OG0012020					PSC76871.1
OG0012021					PSC76922.1
OG0012022					PSC76945.1
OG0012023					PSC76950.1
OG0012024					PSC76951.1
OG0012025					PSC76978.1
OG0012026					PSC76986.1
OG0012027					PSC76988.1
OG0012028					PSC76993.1
OG0012029					PSC77019.1
OG0012030					PSC77026.1
